order_id,session_id,anchor_id,product_sku,platform,quantity,unit_price,total_amount,discount_amount,paid_amount,profit,status,order_time,paid_time
ORD_b8c4c7a0924f,抖音_20260605_2a939a18,DY_6681,SKU9956,抖音,2,289.416867,578.83,55.42,523.41,0,paid,2026-06-05T22:31:27.010418,
ORD_eecfc5fe9bd8,抖音_20260605_2a939a18,DY_6681,SKU6373,抖音,3,441.346695,1324.04,99.57,1224.47,0,completed,2026-06-05T22:31:27.010105,
ORD_d10c097d9020,抖音_20260605_2a939a18,DY_6681,SKU3984,抖音,1,108.440552,108.44,0.37,108.07,0,paid,2026-06-05T22:31:27.009752,
ORD_a7267d6a8a8a,抖音_20260605_2a939a18,DY_6681,SKU4045,抖音,1,906.865718,906.87,20.19,886.68,0,paid,2026-06-05T22:31:27.009295,
ORD_2a4c7676bb04,抖音_20260605_2a939a18,DY_6681,SKU9347,抖音,1,958.022855,958.02,112.33,845.69,0,paid,2026-06-05T22:31:27.008946,
ORD_e2de3eb8cc72,抖音_20260605_2a939a18,DY_6681,SKU9329,抖音,5,450.22024,2251.1,58.89,2192.21,0,pending,2026-06-05T22:31:27.008670,
ORD_2b6967dab501,抖音_20260605_2a939a18,DY_6681,SKU5046,抖音,1,776.509848,776.51,26.6,749.91,0,shipped,2026-06-05T22:31:27.008388,
ORD_220033616a83,抖音_20260605_2a939a18,DY_6681,SKU9671,抖音,1,371.950609,371.95,42.27,329.68,0,pending,2026-06-05T22:31:27.008099,
ORD_d63d2613a0e4,抖音_20260605_2a939a18,DY_6681,SKU8951,抖音,3,426.286566,1278.86,29.35,1249.51,0,shipped,2026-06-05T22:31:27.007782,
ORD_8aad24d38c6f,抖音_20260605_2a939a18,DY_6681,SKU9254,抖音,3,118.004488,354.01,33.93,320.08,0,completed,2026-06-05T22:31:27.007239,
ORD_44f8d3844624,抖音_20260605_2a939a18,DY_6681,SKU5283,抖音,3,251.331642,753.99,53.03,700.96,0,shipped,2026-06-05T22:31:27.006778,
ORD_f88c86211dd7,抖音_20260605_2a939a18,DY_6681,SKU7188,抖音,1,161.733318,161.73,6.51,155.22,0,shipped,2026-06-05T22:31:27.006316,
ORD_5e8aa3845a95,抖音_20260605_2a939a18,DY_6681,SKU9395,抖音,4,641.152296,2564.61,271.81,2292.8,0,pending,2026-06-05T22:31:27.005970,
ORD_229c0fd5ddf1,抖音_20260605_2a939a18,DY_6681,SKU5346,抖音,5,679.934207,3399.67,309.14,3090.53,0,paid,2026-06-05T22:31:27.005591,
ORD_4b65d61ff5b5,抖音_20260605_2a939a18,DY_6681,SKU3074,抖音,5,793.198654,3965.99,409.93,3556.06,0,shipped,2026-06-05T22:31:27.005025,
ORD_6bc10d8f60f2,抖音_20260605_2a939a18,DY_6681,SKU2678,抖音,1,653.908284,653.91,56.69,597.22,0,pending,2026-06-05T22:31:27.004535,
ORD_31edc8a1bff1,抖音_20260605_2a939a18,DY_6681,SKU8792,抖音,1,843.830192,843.83,74.78,769.05,0,completed,2026-06-05T22:31:27.004009,
ORD_68c823e8a119,抖音_20260605_2a939a18,DY_6681,SKU2461,抖音,4,283.640933,1134.56,10.6,1123.96,0,shipped,2026-06-05T22:31:27.003588,
ORD_cb2d3b75650a,抖音_20260605_2a939a18,DY_6681,SKU4647,抖音,4,507.540604,2030.16,212.41,1817.75,0,pending,2026-06-05T22:31:27.003193,
ORD_a7ca04aa32ef,抖音_20260605_2a939a18,DY_6681,SKU4423,抖音,3,334.74207,1004.23,139.89,864.34,0,shipped,2026-06-05T22:31:27.002678,
ORD_f7a7892616a1,抖音_20260605_2a939a18,DY_6681,SKU4173,抖音,4,725.587974,2902.35,381.62,2520.73,0,completed,2026-06-05T22:31:27.001666,
ORD_6485ced9619f,抖音_20260605_2a939a18,DY_6681,SKU8057,抖音,5,125.790529,628.95,18.86,610.09,0,paid,2026-06-05T22:31:26.998848,
ORD_4fcc505fb7e2,抖音_20260605_2a939a18,DY_6681,SKU7787,抖音,2,437.223937,874.45,77.84,796.61,0,completed,2026-06-05T22:31:26.997819,
ORD_360d7819b834,抖音_20260605_2a939a18,DY_6681,SKU8447,抖音,1,964.865842,964.87,50.32,914.55,0,shipped,2026-06-05T22:31:26.997307,
ORD_63f0aadf3c9c,抖音_20260605_2a939a18,DY_6681,SKU7550,抖音,2,574.428868,1148.86,158.3,990.56,0,shipped,2026-06-05T22:31:26.996956,
ORD_34076fc3adc8,抖音_20260605_2a939a18,DY_6681,SKU6857,抖音,5,36.251893,181.26,13.23,168.03,0,completed,2026-06-05T22:31:26.996292,
ORD_ac2f2eef35d8,抖音_20260605_2a939a18,DY_6681,SKU2829,抖音,1,322.812463,322.81,27.31,295.5,0,paid,2026-06-05T22:31:26.996024,
ORD_97a4a4d1dcfc,抖音_20260605_2a939a18,DY_6681,SKU7264,抖音,2,553.802928,1107.61,46.46,1061.15,0,completed,2026-06-05T22:31:26.995771,
ORD_df85c847cbd1,抖音_20260605_2a939a18,DY_6681,SKU3945,抖音,3,374.562704,1123.69,148.66,975.03,0,completed,2026-06-05T22:31:26.995507,
ORD_9edec6b9b146,抖音_20260605_2a939a18,DY_6681,SKU8783,抖音,3,520.892775,1562.68,207.23,1355.45,0,pending,2026-06-05T22:31:26.995238,
ORD_2325b2b76a34,抖音_20260605_2a939a18,DY_6681,SKU9472,抖音,2,325.740053,651.48,15.37,636.11,0,paid,2026-06-05T22:31:26.994943,
ORD_f99fc01d0e64,抖音_20260605_2a939a18,DY_6681,SKU2067,抖音,3,402.447302,1207.34,42.45,1164.89,0,pending,2026-06-05T22:31:26.994619,
ORD_dab41492dcb4,抖音_20260605_2a939a18,DY_6681,SKU6338,抖音,5,877.055988,4385.28,60.25,4325.03,0,pending,2026-06-05T22:31:26.994266,
ORD_ec9dd2eaf4c4,抖音_20260605_2a939a18,DY_6681,SKU2017,抖音,1,924.14579,924.15,124.05,800.1,0,pending,2026-06-05T22:31:26.993724,
ORD_f89233c037a3,抖音_20260605_2a939a18,DY_6681,SKU2850,抖音,1,61.167817,61.17,4.83,56.34,0,paid,2026-06-05T22:31:26.993305,
ORD_5be6894a6558,抖音_20260605_2a939a18,DY_6681,SKU4927,抖音,4,494.695165,1978.78,113.74,1865.04,0,paid,2026-06-05T22:31:26.992720,
ORD_98759dc8e582,抖音_20260605_2a939a18,DY_6681,SKU2149,抖音,2,351.758845,703.52,27.41,676.11,0,completed,2026-06-05T22:31:26.991367,
ORD_41687e0a9f04,抖音_20260605_2a939a18,DY_6681,SKU9542,抖音,5,447.912795,2239.56,163.12,2076.44,0,completed,2026-06-05T22:31:26.990300,
ORD_e302be28383f,抖音_20260605_2a939a18,DY_6681,SKU7385,抖音,2,252.869291,505.74,41.11,464.63,0,pending,2026-06-05T22:31:26.990038,
ORD_653e31647889,抖音_20260605_2a939a18,DY_6681,SKU4571,抖音,1,928.081558,928.08,44.71,883.37,0,shipped,2026-06-05T22:31:26.989773,
ORD_a9233d55648d,抖音_20260605_2a939a18,DY_6681,SKU8630,抖音,3,104.765597,314.3,8.72,305.58,0,paid,2026-06-05T22:31:26.989514,
ORD_2c312aa23b49,抖音_20260605_2a939a18,DY_6681,SKU3424,抖音,5,884.794128,4423.97,241.25,4182.72,0,pending,2026-06-05T22:31:26.989254,
ORD_3fe9fbfdcb3a,抖音_20260605_2a939a18,DY_6681,SKU3721,抖音,1,893.553611,893.55,1.65,891.9,0,shipped,2026-06-05T22:31:26.988984,
ORD_904a56abaf0a,抖音_20260605_2a939a18,DY_6681,SKU7559,抖音,4,946.98375,3787.93,369.38,3418.55,0,pending,2026-06-05T22:31:26.988696,
ORD_5da427d7a356,抖音_20260605_2a939a18,DY_6681,SKU8387,抖音,5,298.740602,1493.7,151.43,1342.27,0,paid,2026-06-05T22:31:26.988402,
ORD_8ddde6e24687,抖音_20260605_2a939a18,DY_6681,SKU2257,抖音,4,862.264162,3449.06,9.53,3439.53,0,completed,2026-06-05T22:31:26.988080,
ORD_7286eb44bd4f,抖音_20260605_2a939a18,DY_6681,SKU4860,抖音,2,51.065235,102.13,9.41,92.72,0,pending,2026-06-05T22:31:26.987655,
ORD_55bfb0836816,抖音_20260605_2a939a18,DY_6681,SKU8393,抖音,3,129.606195,388.82,10.98,377.84,0,shipped,2026-06-05T22:31:26.987014,
ORD_005ad21b4dcd,抖音_20260605_2a939a18,DY_6681,SKU8439,抖音,4,707.016617,2828.07,363.84,2464.23,0,paid,2026-06-05T22:31:26.986484,
ORD_584c0683285e,抖音_20260605_2a939a18,DY_6681,SKU5118,抖音,2,796.805325,1593.61,9.69,1583.92,0,shipped,2026-06-05T22:31:26.986069,
ORD_3b6814d5a5ce,抖音_20260605_2a939a18,DY_6681,SKU6721,抖音,4,793.886478,3175.55,308.85,2866.7,0,shipped,2026-06-05T22:31:26.985404,
ORD_88fad49a9ce6,抖音_20260605_2a939a18,DY_6681,SKU4584,抖音,3,36.585558,109.76,4.25,105.51,0,pending,2026-06-05T22:31:26.984903,
ORD_2facb16cff0d,抖音_20260605_2a939a18,DY_6681,SKU7789,抖音,4,828.312179,3313.25,343.64,2969.61,0,pending,2026-06-05T22:31:26.983378,
ORD_8c4f79cff11c,抖音_20260605_2a939a18,DY_6681,SKU2153,抖音,4,965.755052,3863.02,216.52,3646.5,0,completed,2026-06-05T22:31:26.980721,
ORD_f38ec9364add,抖音_20260605_2a939a18,DY_6681,SKU6691,抖音,5,805.770248,4028.85,598.94,3429.91,0,shipped,2026-06-05T22:31:26.979292,
ORD_8bcd40784490,B站直播_20260605_59d82ef8,BZ_4936,SKU9115,B站直播,2,334.09519,668.19,53.31,614.88,0,pending,2026-06-05T22:31:26.964387,
ORD_7cf0922e955a,B站直播_20260605_59d82ef8,BZ_4936,SKU4681,B站直播,2,162.678912,325.36,20.76,304.6,0,paid,2026-06-05T22:31:26.964114,
ORD_58f2d5d98bf4,B站直播_20260605_59d82ef8,BZ_4936,SKU1847,B站直播,3,730.061379,2190.18,27.57,2162.61,0,paid,2026-06-05T22:31:26.963824,
ORD_ae23280c0e2b,B站直播_20260605_59d82ef8,BZ_4936,SKU7454,B站直播,3,2038.731077,6116.19,413.41,5702.78,0,paid,2026-06-05T22:31:26.963526,
ORD_22a8897d24f3,B站直播_20260605_59d82ef8,BZ_4936,SKU5230,B站直播,2,2436.362316,4872.72,24.7,4848.02,0,pending,2026-06-05T22:31:26.963272,
ORD_55af37bbc412,B站直播_20260605_59d82ef8,BZ_4936,SKU5825,B站直播,4,2204.697857,8818.79,283.89,8534.9,0,shipped,2026-06-05T22:31:26.963013,
ORD_5d593c1d7808,B站直播_20260605_59d82ef8,BZ_4936,SKU3590,B站直播,3,1209.834223,3629.5,203.14,3426.36,0,shipped,2026-06-05T22:31:26.962754,
ORD_0d9b08c7eb76,B站直播_20260605_59d82ef8,BZ_4936,SKU1076,B站直播,4,2217.976455,8871.91,586.97,8284.94,0,completed,2026-06-05T22:31:26.962499,
ORD_a45b6e0bce58,B站直播_20260605_59d82ef8,BZ_4936,SKU1459,B站直播,1,1339.701228,1339.7,15.91,1323.79,0,paid,2026-06-05T22:31:26.962243,
ORD_fb232441473c,B站直播_20260605_59d82ef8,BZ_4936,SKU6185,B站直播,3,168.219754,504.66,6.74,497.92,0,paid,2026-06-05T22:31:26.961980,
ORD_05cefa383218,B站直播_20260605_59d82ef8,BZ_4936,SKU4428,B站直播,4,1484.092103,5936.37,374.03,5562.34,0,paid,2026-06-05T22:31:26.961721,
ORD_ab5d60f1fc8a,B站直播_20260605_59d82ef8,BZ_4936,SKU8300,B站直播,3,2276.023391,6828.07,208.86,6619.21,0,paid,2026-06-05T22:31:26.961462,
ORD_e6035974043f,B站直播_20260605_59d82ef8,BZ_4936,SKU5264,B站直播,1,1774.031016,1774.03,117.93,1656.1,0,shipped,2026-06-05T22:31:26.961198,
ORD_c23792e5127d,B站直播_20260605_59d82ef8,BZ_4936,SKU8115,B站直播,3,2138.168462,6414.51,109.82,6304.69,0,pending,2026-06-05T22:31:26.960941,
ORD_f427fa21064a,B站直播_20260605_59d82ef8,BZ_4936,SKU8565,B站直播,2,949.540615,1899.08,148.6,1750.48,0,pending,2026-06-05T22:31:26.960680,
ORD_87253947c37e,B站直播_20260605_59d82ef8,BZ_4936,SKU1779,B站直播,2,667.602889,1335.21,67,1268.21,0,shipped,2026-06-05T22:31:26.960413,
ORD_3b322a4d14e1,B站直播_20260605_59d82ef8,BZ_4936,SKU5498,B站直播,1,2465.984333,2465.98,91.59,2374.39,0,paid,2026-06-05T22:31:26.960138,
ORD_b926e33ccb60,B站直播_20260605_59d82ef8,BZ_4936,SKU5955,B站直播,3,1242.596045,3727.79,45.19,3682.6,0,completed,2026-06-05T22:31:26.959865,
ORD_fd59436204a2,B站直播_20260605_59d82ef8,BZ_4936,SKU8686,B站直播,3,2384.838332,7154.51,285.79,6868.72,0,paid,2026-06-05T22:31:26.959586,
ORD_d705f5d87845,B站直播_20260605_59d82ef8,BZ_4936,SKU4305,B站直播,4,798.659592,3194.64,232.5,2962.14,0,pending,2026-06-05T22:31:26.959290,
ORD_4937e747483b,B站直播_20260605_59d82ef8,BZ_4936,SKU4767,B站直播,1,2299.747308,2299.75,182.26,2117.49,0,shipped,2026-06-05T22:31:26.958935,
ORD_214e3acb0c01,B站直播_20260605_59d82ef8,BZ_4936,SKU3505,B站直播,4,602.980958,2411.92,115.68,2296.24,0,completed,2026-06-05T22:31:26.958431,
ORD_7510e3805268,B站直播_20260605_59d82ef8,BZ_4936,SKU8413,B站直播,3,215.790861,647.37,16.19,631.18,0,shipped,2026-06-05T22:31:26.957622,
ORD_12c39507d12e,B站直播_20260605_7201bb5f,BZ_6822,SKU8911,B站直播,4,1149.685696,4598.74,336.31,4262.43,0,completed,2026-06-05T22:31:26.944731,
ORD_2fa168622cb8,B站直播_20260605_7201bb5f,BZ_6822,SKU9858,B站直播,4,2068.91548,8275.66,59.58,8216.08,0,pending,2026-06-05T22:31:26.944439,
ORD_66b185c2a239,B站直播_20260605_7201bb5f,BZ_6822,SKU3557,B站直播,4,147.735423,590.94,34.71,556.23,0,pending,2026-06-05T22:31:26.944121,
ORD_cf5f4f8a4fb5,B站直播_20260605_7201bb5f,BZ_6822,SKU2460,B站直播,3,1722.125802,5166.38,125.13,5041.25,0,shipped,2026-06-05T22:31:26.943674,
ORD_15e13db7c63f,B站直播_20260605_7201bb5f,BZ_6822,SKU5122,B站直播,3,2091.778605,6275.34,405.82,5869.52,0,completed,2026-06-05T22:31:26.943307,
ORD_f3b8cd1f62a3,B站直播_20260605_7201bb5f,BZ_6822,SKU6939,B站直播,4,1502.032338,6008.13,111.35,5896.78,0,pending,2026-06-05T22:31:26.942968,
ORD_71e68adde66d,B站直播_20260605_7201bb5f,BZ_6822,SKU7996,B站直播,1,2068.901785,2068.9,59.84,2009.06,0,shipped,2026-06-05T22:31:26.942540,
ORD_365b9e32fac3,B站直播_20260605_7201bb5f,BZ_6822,SKU9340,B站直播,2,2251.346586,4502.69,304.91,4197.78,0,paid,2026-06-05T22:31:26.941757,
ORD_da8cdcd65157,B站直播_20260605_7201bb5f,BZ_6822,SKU7445,B站直播,1,1978.39388,1978.39,79.92,1898.47,0,shipped,2026-06-05T22:31:26.940775,
ORD_c0776241a111,B站直播_20260605_7201bb5f,BZ_6822,SKU4997,B站直播,3,1671.694706,5015.08,48.78,4966.3,0,completed,2026-06-05T22:31:26.940098,
ORD_067d7ca64450,B站直播_20260605_7201bb5f,BZ_6822,SKU7904,B站直播,4,2464.90406,9859.62,31.78,9827.84,0,paid,2026-06-05T22:31:26.939505,
ORD_cddd379743b8,B站直播_20260605_7201bb5f,BZ_6822,SKU2461,B站直播,2,1330.415518,2660.83,2,2658.83,0,completed,2026-06-05T22:31:26.939099,
ORD_613ba4fbdc41,B站直播_20260605_7201bb5f,BZ_6822,SKU3162,B站直播,4,1575.129712,6300.52,50.01,6250.51,0,completed,2026-06-05T22:31:26.938217,
ORD_ade302467ac9,B站直播_20260605_7201bb5f,BZ_6822,SKU8340,B站直播,1,1325.64543,1325.65,58.44,1267.21,0,shipped,2026-06-05T22:31:26.937629,
ORD_a8e5bd5c1fc1,B站直播_20260605_7201bb5f,BZ_6822,SKU6593,B站直播,2,1546.319653,3092.64,5.35,3087.29,0,shipped,2026-06-05T22:31:26.937356,
ORD_303b23622a97,B站直播_20260605_7201bb5f,BZ_6822,SKU5346,B站直播,4,2206.788657,8827.15,705.36,8121.79,0,completed,2026-06-05T22:31:26.937082,
ORD_df3f477279ba,B站直播_20260605_7201bb5f,BZ_6822,SKU1932,B站直播,3,216.57498,649.72,49,600.72,0,shipped,2026-06-05T22:31:26.936765,
ORD_fce3ff0ba3b4,B站直播_20260605_7201bb5f,BZ_6822,SKU2987,B站直播,4,574.68948,2298.76,58.09,2240.67,0,shipped,2026-06-05T22:31:26.936329,
ORD_5f6a304f621c,B站直播_20260605_7201bb5f,BZ_6822,SKU1726,B站直播,4,1801.221606,7204.89,104.12,7100.77,0,completed,2026-06-05T22:31:26.936008,
ORD_2838f6026f6b,B站直播_20260605_7201bb5f,BZ_6822,SKU1483,B站直播,2,470.271551,940.54,5.43,935.11,0,pending,2026-06-05T22:31:26.935580,
ORD_d99eb42e7099,B站直播_20260605_7201bb5f,BZ_6822,SKU6730,B站直播,2,1137.520079,2275.04,177.73,2097.31,0,shipped,2026-06-05T22:31:26.934768,
ORD_1adfced9d96d,B站直播_20260605_7201bb5f,BZ_6822,SKU8541,B站直播,3,599.791957,1799.38,117.71,1681.67,0,paid,2026-06-05T22:31:26.933759,
ORD_a6660c97a793,B站直播_20260605_7201bb5f,BZ_6822,SKU7550,B站直播,1,103.60325,103.6,4.46,99.14,0,pending,2026-06-05T22:31:26.932342,
ORD_02803888a813,B站直播_20260605_7201bb5f,BZ_6822,SKU7664,B站直播,1,1415.155842,1415.16,19.54,1395.62,0,shipped,2026-06-05T22:31:26.931390,
ORD_c29095eb924a,B站直播_20260605_7201bb5f,BZ_6822,SKU6574,B站直播,4,551.37158,2205.49,143.37,2062.12,0,paid,2026-06-05T22:31:26.930788,
ORD_be563a199ce1,视频号_20260605_2b4fdbfb,WX_3743,SKU7512,视频号,2,396.009645,792.02,39.37,752.65,0,shipped,2026-06-05T22:31:26.915182,
ORD_fb8bbe06a93c,视频号_20260605_2b4fdbfb,WX_3743,SKU5215,视频号,3,132.463975,397.39,23.65,373.74,0,pending,2026-06-05T22:31:26.914937,
ORD_283bbdd238cf,视频号_20260605_2b4fdbfb,WX_3743,SKU3993,视频号,3,682.043256,2046.13,90.45,1955.68,0,paid,2026-06-05T22:31:26.914693,
ORD_767c99dab374,视频号_20260605_2b4fdbfb,WX_3743,SKU9393,视频号,2,910.982624,1821.97,116.72,1705.25,0,paid,2026-06-05T22:31:26.914448,
ORD_b39a3822e7f4,视频号_20260605_2b4fdbfb,WX_3743,SKU9323,视频号,2,1283.576597,2567.15,139.73,2427.42,0,shipped,2026-06-05T22:31:26.914197,
ORD_26d9ed3508c1,视频号_20260605_2b4fdbfb,WX_3743,SKU5666,视频号,1,1317.27202,1317.27,52.59,1264.68,0,completed,2026-06-05T22:31:26.913943,
ORD_512394fbc8ce,视频号_20260605_2b4fdbfb,WX_3743,SKU8420,视频号,2,1349.869937,2699.74,20.36,2679.38,0,paid,2026-06-05T22:31:26.913695,
ORD_7353312ca508,视频号_20260605_2b4fdbfb,WX_3743,SKU9945,视频号,1,682.441511,682.44,59.09,623.35,0,paid,2026-06-05T22:31:26.913431,
ORD_0006a838105a,视频号_20260605_2b4fdbfb,WX_3743,SKU3740,视频号,3,1020.666993,3062,262.09,2799.91,0,shipped,2026-06-05T22:31:26.913144,
ORD_6ebc2f8f5335,视频号_20260605_2b4fdbfb,WX_3743,SKU1923,视频号,3,1355.715681,4067.15,44.91,4022.24,0,paid,2026-06-05T22:31:26.912857,
ORD_07f603aca0bd,视频号_20260605_2b4fdbfb,WX_3743,SKU5935,视频号,3,1351.0713,4053.21,66.6,3986.61,0,completed,2026-06-05T22:31:26.912603,
ORD_f678fa2e1bce,视频号_20260605_2b4fdbfb,WX_3743,SKU7547,视频号,2,1022.854242,2045.71,80.62,1965.09,0,shipped,2026-06-05T22:31:26.912351,
ORD_65d6283b1205,视频号_20260605_2b4fdbfb,WX_3743,SKU6703,视频号,2,1312.921854,2625.84,192.32,2433.52,0,shipped,2026-06-05T22:31:26.912099,
ORD_68c1fea093a2,视频号_20260605_2b4fdbfb,WX_3743,SKU4364,视频号,1,588.237891,588.24,2.8,585.44,0,paid,2026-06-05T22:31:26.911844,
ORD_e21fedad52d5,视频号_20260605_2b4fdbfb,WX_3743,SKU9563,视频号,2,1237.749525,2475.5,233.47,2242.03,0,completed,2026-06-05T22:31:26.911589,
ORD_c851327996d2,视频号_20260605_2b4fdbfb,WX_3743,SKU5625,视频号,1,1148.294775,1148.29,67.07,1081.22,0,paid,2026-06-05T22:31:26.911325,
ORD_6369fde7054a,视频号_20260605_2b4fdbfb,WX_3743,SKU2291,视频号,1,860.988987,860.99,32.23,828.76,0,pending,2026-06-05T22:31:26.911072,
ORD_8822073f3afa,视频号_20260605_2b4fdbfb,WX_3743,SKU9424,视频号,1,1411.162332,1411.16,55.95,1355.21,0,completed,2026-06-05T22:31:26.910817,
ORD_834b34bdb43f,视频号_20260605_2b4fdbfb,WX_3743,SKU1421,视频号,1,784.55544,784.56,66.34,718.22,0,paid,2026-06-05T22:31:26.910561,
ORD_2d4927afab93,视频号_20260605_2b4fdbfb,WX_3743,SKU3498,视频号,3,1103.144741,3309.43,250.27,3059.16,0,shipped,2026-06-05T22:31:26.910305,
ORD_e90c218f81fe,视频号_20260605_2b4fdbfb,WX_3743,SKU7279,视频号,1,1003.097502,1003.1,88.98,914.12,0,shipped,2026-06-05T22:31:26.910041,
ORD_555e4c9e10d8,视频号_20260605_2b4fdbfb,WX_3743,SKU2139,视频号,3,1577.906687,4733.72,353.21,4380.51,0,pending,2026-06-05T22:31:26.909781,
ORD_232bbabe42eb,视频号_20260605_2b4fdbfb,WX_3743,SKU7129,视频号,3,57.100418,171.3,6.87,164.43,0,shipped,2026-06-05T22:31:26.909522,
ORD_0a0542db401b,视频号_20260605_2b4fdbfb,WX_3743,SKU3402,视频号,3,686.887446,2060.66,113.21,1947.45,0,completed,2026-06-05T22:31:26.909246,
ORD_e2f4e46c1317,视频号_20260605_2b4fdbfb,WX_3743,SKU9340,视频号,2,1055.417756,2110.84,143.02,1967.82,0,pending,2026-06-05T22:31:26.908865,
ORD_d68f437e0840,视频号_20260605_2b4fdbfb,WX_3743,SKU8006,视频号,2,1426.842731,2853.69,56.31,2797.38,0,paid,2026-06-05T22:31:26.908561,
ORD_2d1e37395093,视频号_20260605_2b4fdbfb,WX_3743,SKU9053,视频号,2,519.252624,1038.51,14.24,1024.27,0,completed,2026-06-05T22:31:26.908220,
ORD_ab3fb57c4f2e,视频号_20260605_2b4fdbfb,WX_3743,SKU3407,视频号,2,651.002098,1302,124.12,1177.88,0,completed,2026-06-05T22:31:26.907805,
ORD_14df6612b484,视频号_20260605_2b4fdbfb,WX_3743,SKU4538,视频号,2,413.524669,827.05,18.15,808.9,0,completed,2026-06-05T22:31:26.907318,
ORD_be019b9e292f,视频号_20260605_2b4fdbfb,WX_3743,SKU6931,视频号,3,371.641379,1114.92,14.27,1100.65,0,pending,2026-06-05T22:31:26.906060,
ORD_d807150de07f,视频号_20260605_2b4fdbfb,WX_3743,SKU1347,视频号,3,1100.903461,3302.71,311.99,2990.72,0,completed,2026-06-05T22:31:26.905798,
ORD_9ea0347fa4d5,视频号_20260605_2b4fdbfb,WX_3743,SKU5124,视频号,1,1510.818734,1510.82,77.81,1433.01,0,shipped,2026-06-05T22:31:26.905530,
ORD_f23d7252a30a,视频号_20260605_2b4fdbfb,WX_3743,SKU7851,视频号,3,1536.926672,4610.78,372.88,4237.9,0,shipped,2026-06-05T22:31:26.905268,
ORD_694bcf6cf806,视频号_20260605_2b4fdbfb,WX_3743,SKU3676,视频号,3,459.464262,1378.39,85.08,1293.31,0,pending,2026-06-05T22:31:26.904990,
ORD_02237ea3ab5c,视频号_20260605_2b4fdbfb,WX_3743,SKU4895,视频号,2,1211.306757,2422.61,100.38,2322.23,0,shipped,2026-06-05T22:31:26.904682,
ORD_4ca491904d00,视频号_20260605_2b4fdbfb,WX_3743,SKU3622,视频号,1,550.992821,550.99,48.89,502.1,0,completed,2026-06-05T22:31:26.904293,
ORD_b560ce8336ea,视频号_20260605_2b4fdbfb,WX_3743,SKU7433,视频号,1,543.982368,543.98,34.1,509.88,0,paid,2026-06-05T22:31:26.903944,
ORD_062fa40b3aa0,视频号_20260605_2b4fdbfb,WX_3743,SKU6894,视频号,3,911.450927,2734.35,44.6,2689.75,0,shipped,2026-06-05T22:31:26.903683,
ORD_551c9b3b4224,视频号_20260605_2b4fdbfb,WX_3743,SKU1731,视频号,3,981.393776,2944.18,213.22,2730.96,0,paid,2026-06-05T22:31:26.903413,
ORD_c922e30c25da,视频号_20260605_2b4fdbfb,WX_3743,SKU2473,视频号,2,620.519997,1241.04,27.55,1213.49,0,paid,2026-06-05T22:31:26.903154,
ORD_2318e3850624,视频号_20260605_2b4fdbfb,WX_3743,SKU5620,视频号,3,325.519422,976.56,52.69,923.87,0,pending,2026-06-05T22:31:26.902896,
ORD_c64255dd5ff8,视频号_20260605_2b4fdbfb,WX_3743,SKU3954,视频号,1,120.230189,120.23,9.89,110.34,0,completed,2026-06-05T22:31:26.902637,
ORD_b19767c5ab55,视频号_20260605_2b4fdbfb,WX_3743,SKU9445,视频号,2,783.769494,1567.54,89.37,1478.17,0,pending,2026-06-05T22:31:26.902378,
ORD_c32d6245aedb,视频号_20260605_2b4fdbfb,WX_3743,SKU3654,视频号,1,978.198033,978.2,21.58,956.62,0,pending,2026-06-05T22:31:26.902111,
ORD_b6d36be4e112,视频号_20260605_2b4fdbfb,WX_3743,SKU3671,视频号,3,704.774585,2114.32,95.79,2018.53,0,pending,2026-06-05T22:31:26.901846,
ORD_cb28b20a2336,视频号_20260605_2b4fdbfb,WX_3743,SKU1664,视频号,1,1101.666848,1101.67,16.13,1085.54,0,shipped,2026-06-05T22:31:26.901582,
ORD_9fe3051a5903,视频号_20260605_2b4fdbfb,WX_3743,SKU3744,视频号,3,764.298108,2292.89,198.3,2094.59,0,completed,2026-06-05T22:31:26.901308,
ORD_ab54d3bbebef,视频号_20260605_2b4fdbfb,WX_3743,SKU3304,视频号,1,1123.607607,1123.61,8.62,1114.99,0,shipped,2026-06-05T22:31:26.901028,
ORD_a41a7b668c16,视频号_20260605_2b4fdbfb,WX_3743,SKU7779,视频号,1,246.765141,246.77,9.69,237.08,0,shipped,2026-06-05T22:31:26.900729,
ORD_41d0b13b4d0b,视频号_20260605_2b4fdbfb,WX_3743,SKU3034,视频号,1,52.154952,52.15,1.45,50.7,0,completed,2026-06-05T22:31:26.900368,
ORD_3bca81dc4c8b,视频号_20260605_2b4fdbfb,WX_3743,SKU8090,视频号,1,899.169855,899.17,11.35,887.82,0,paid,2026-06-05T22:31:26.899939,
ORD_f6e9ef82c5b0,淘宝直播_20260605_8d2abff0,TB_3340,SKU5866,淘宝直播,7,851.632498,5961.43,508.68,5452.75,0,paid,2026-06-05T22:31:26.880810,
ORD_30311bb08233,淘宝直播_20260605_8d2abff0,TB_3340,SKU1212,淘宝直播,6,1125.410484,6752.46,62.61,6689.85,0,paid,2026-06-05T22:31:26.880564,
ORD_a489b373a4dd,淘宝直播_20260605_8d2abff0,TB_3340,SKU2801,淘宝直播,5,829.687657,4148.44,143.16,4005.28,0,paid,2026-06-05T22:31:26.880316,
ORD_ea7e24b65aa6,淘宝直播_20260605_8d2abff0,TB_3340,SKU6384,淘宝直播,8,639.981056,5119.85,68.13,5051.72,0,completed,2026-06-05T22:31:26.880061,
ORD_11eac7b2ea37,淘宝直播_20260605_8d2abff0,TB_3340,SKU9829,淘宝直播,8,1414.648435,11317.19,1621,9696.19,0,pending,2026-06-05T22:31:26.879808,
ORD_9b3dc7c1e1d4,淘宝直播_20260605_8d2abff0,TB_3340,SKU3379,淘宝直播,4,1638.786021,6555.14,217.71,6337.43,0,shipped,2026-06-05T22:31:26.879559,
ORD_0960d3961d52,淘宝直播_20260605_8d2abff0,TB_3340,SKU1247,淘宝直播,1,203.285782,203.29,0.79,202.5,0,paid,2026-06-05T22:31:26.879298,
ORD_dd7c20752beb,淘宝直播_20260605_8d2abff0,TB_3340,SKU6472,淘宝直播,7,1070.423206,7492.96,1173.65,6319.31,0,pending,2026-06-05T22:31:26.879042,
ORD_e09b13f3b2d5,淘宝直播_20260605_8d2abff0,TB_3340,SKU7481,淘宝直播,6,1368.504658,8211.03,237.75,7973.28,0,shipped,2026-06-05T22:31:26.878780,
ORD_eab4c1b9de45,淘宝直播_20260605_8d2abff0,TB_3340,SKU3299,淘宝直播,1,470.536228,470.54,79.11,391.43,0,shipped,2026-06-05T22:31:26.878527,
ORD_3074fb1f92f0,淘宝直播_20260605_8d2abff0,TB_3340,SKU4095,淘宝直播,1,93.898823,93.9,7.11,86.79,0,completed,2026-06-05T22:31:26.878276,
ORD_fa97c1363fd5,淘宝直播_20260605_8d2abff0,TB_3340,SKU9147,淘宝直播,5,1606.017152,8030.09,309.32,7720.77,0,shipped,2026-06-05T22:31:26.878015,
ORD_14932637a473,淘宝直播_20260605_8d2abff0,TB_3340,SKU8806,淘宝直播,3,1317.287381,3951.86,286.09,3665.77,0,paid,2026-06-05T22:31:26.877761,
ORD_882939956d79,淘宝直播_20260605_8d2abff0,TB_3340,SKU2775,淘宝直播,4,1178.668463,4714.67,680.72,4033.95,0,completed,2026-06-05T22:31:26.877512,
ORD_f0d2f57f9093,淘宝直播_20260605_8d2abff0,TB_3340,SKU4166,淘宝直播,5,153.72663,768.63,124.49,644.14,0,shipped,2026-06-05T22:31:26.877262,
ORD_47debe12f3c8,淘宝直播_20260605_8d2abff0,TB_3340,SKU8254,淘宝直播,2,44.192504,88.39,16.59,71.8,0,paid,2026-06-05T22:31:26.877005,
ORD_25857c097822,淘宝直播_20260605_8d2abff0,TB_3340,SKU2741,淘宝直播,5,1246.095347,6230.48,796.45,5434.03,0,completed,2026-06-05T22:31:26.876754,
ORD_1446e7bf4ca4,淘宝直播_20260605_8d2abff0,TB_3340,SKU3086,淘宝直播,3,1602.11334,4806.34,707.45,4098.89,0,shipped,2026-06-05T22:31:26.876485,
ORD_87ebfb6485ef,淘宝直播_20260605_8d2abff0,TB_3340,SKU8841,淘宝直播,8,1365.217706,10921.74,1036.84,9884.9,0,pending,2026-06-05T22:31:26.876233,
ORD_bbf78f3f6c94,淘宝直播_20260605_8d2abff0,TB_3340,SKU6344,淘宝直播,6,1299.625957,7797.76,46.94,7750.82,0,shipped,2026-06-05T22:31:26.875980,
ORD_b6d635249775,淘宝直播_20260605_8d2abff0,TB_3340,SKU1120,淘宝直播,7,985.067112,6895.47,912.83,5982.64,0,paid,2026-06-05T22:31:26.875725,
ORD_eabe5de7ec40,淘宝直播_20260605_8d2abff0,TB_3340,SKU9016,淘宝直播,5,1841.397385,9206.99,706.13,8500.86,0,shipped,2026-06-05T22:31:26.875461,
ORD_63e37a89202a,淘宝直播_20260605_8d2abff0,TB_3340,SKU2549,淘宝直播,1,681.644957,681.64,95.89,585.75,0,paid,2026-06-05T22:31:26.875182,
ORD_632b9f669d57,淘宝直播_20260605_8d2abff0,TB_3340,SKU1730,淘宝直播,6,500.102063,3000.61,237.19,2763.42,0,paid,2026-06-05T22:31:26.874870,
ORD_0c2335771843,淘宝直播_20260605_8d2abff0,TB_3340,SKU1548,淘宝直播,4,731.441803,2925.77,208.13,2717.64,0,completed,2026-06-05T22:31:26.874396,
ORD_249830761ffb,淘宝直播_20260605_8d2abff0,TB_3340,SKU3933,淘宝直播,8,971.489493,7771.92,62.77,7709.15,0,pending,2026-06-05T22:31:26.873532,
ORD_783705e9f2c7,淘宝直播_20260605_8d2abff0,TB_3340,SKU3797,淘宝直播,7,1464.943575,10254.61,1377.98,8876.63,0,completed,2026-06-05T22:31:26.873279,
ORD_ac47d3e1481c,淘宝直播_20260605_8d2abff0,TB_3340,SKU5773,淘宝直播,8,1677.141989,13417.14,2345.26,11071.88,0,completed,2026-06-05T22:31:26.873023,
ORD_7488fb9f093c,淘宝直播_20260605_8d2abff0,TB_3340,SKU7286,淘宝直播,4,1670.869229,6683.48,346.47,6337.01,0,pending,2026-06-05T22:31:26.872770,
ORD_3f27b7595818,淘宝直播_20260605_8d2abff0,TB_3340,SKU4515,淘宝直播,3,1792.002791,5376.01,505.46,4870.55,0,shipped,2026-06-05T22:31:26.872513,
ORD_9e9417ecd007,淘宝直播_20260605_8d2abff0,TB_3340,SKU3297,淘宝直播,2,1538.608503,3077.22,451.54,2625.68,0,paid,2026-06-05T22:31:26.872253,
ORD_fff29d467708,淘宝直播_20260605_8d2abff0,TB_3340,SKU1795,淘宝直播,2,1293.316043,2586.63,303.82,2282.81,0,shipped,2026-06-05T22:31:26.871996,
ORD_ebfd87ac296e,淘宝直播_20260605_8d2abff0,TB_3340,SKU7975,淘宝直播,3,659.198239,1977.59,59.99,1917.6,0,pending,2026-06-05T22:31:26.871738,
ORD_dfc7adb6f9eb,淘宝直播_20260605_8d2abff0,TB_3340,SKU3016,淘宝直播,8,1849.057451,14792.46,2761.26,12031.2,0,completed,2026-06-05T22:31:26.871462,
ORD_ff636bbdddd7,淘宝直播_20260605_8d2abff0,TB_3340,SKU5711,淘宝直播,8,435.116301,3480.93,404.85,3076.08,0,completed,2026-06-05T22:31:26.871165,
ORD_3cdbd866d7dd,淘宝直播_20260605_8d2abff0,TB_3340,SKU4918,淘宝直播,6,1069.904298,6419.43,420.06,5999.37,0,paid,2026-06-05T22:31:26.870811,
ORD_2cdb85e12cc2,淘宝直播_20260605_8d2abff0,TB_3340,SKU5325,淘宝直播,5,795.492729,3977.46,534.28,3443.18,0,completed,2026-06-05T22:31:26.870360,
ORD_a2cbe97e3495,淘宝直播_20260605_8d2abff0,TB_3340,SKU7499,淘宝直播,2,924.12186,1848.24,143.04,1705.2,0,completed,2026-06-05T22:31:26.870104,
ORD_12b3acc5c940,淘宝直播_20260605_8d2abff0,TB_3340,SKU2964,淘宝直播,7,1561.885617,10933.2,1429.86,9503.34,0,completed,2026-06-05T22:31:26.869841,
ORD_74967ed7a639,淘宝直播_20260605_8d2abff0,TB_3340,SKU6216,淘宝直播,7,1209.65045,8467.55,462.4,8005.15,0,shipped,2026-06-05T22:31:26.869588,
ORD_2a3ce0a97c2a,淘宝直播_20260605_8d2abff0,TB_3340,SKU6245,淘宝直播,7,832.424863,5826.97,95.71,5731.26,0,pending,2026-06-05T22:31:26.869334,
ORD_ec4d58f092f4,淘宝直播_20260605_8d2abff0,TB_3340,SKU7932,淘宝直播,2,1709.852737,3419.71,225.49,3194.22,0,pending,2026-06-05T22:31:26.869077,
ORD_fc0d2e693064,淘宝直播_20260605_8d2abff0,TB_3340,SKU4513,淘宝直播,5,1784.291417,8921.46,624.46,8297,0,paid,2026-06-05T22:31:26.868817,
ORD_d0a668c0953d,淘宝直播_20260605_8d2abff0,TB_3340,SKU1602,淘宝直播,3,863.299343,2589.9,27.29,2562.61,0,completed,2026-06-05T22:31:26.868555,
ORD_cfe639bb350f,淘宝直播_20260605_8d2abff0,TB_3340,SKU5301,淘宝直播,7,1380.086736,9660.61,236.42,9424.19,0,paid,2026-06-05T22:31:26.868306,
ORD_9d5344de3c4c,淘宝直播_20260605_8d2abff0,TB_3340,SKU6016,淘宝直播,3,691.589773,2074.77,334.44,1740.33,0,shipped,2026-06-05T22:31:26.868049,
ORD_d3e3b1199923,淘宝直播_20260605_8d2abff0,TB_3340,SKU7000,淘宝直播,5,996.83866,4984.19,80.61,4903.58,0,pending,2026-06-05T22:31:26.867786,
ORD_e2a4409479f4,淘宝直播_20260605_8d2abff0,TB_3340,SKU2892,淘宝直播,2,1010.547554,2021.1,132.72,1888.38,0,shipped,2026-06-05T22:31:26.867521,
ORD_fd8b3bf076bc,淘宝直播_20260605_8d2abff0,TB_3340,SKU2573,淘宝直播,4,1620.654363,6482.62,977.31,5505.31,0,pending,2026-06-05T22:31:26.867248,
ORD_603d4c5e2bf8,淘宝直播_20260605_8d2abff0,TB_3340,SKU3646,淘宝直播,2,1583.25354,3166.51,620.32,2546.19,0,pending,2026-06-05T22:31:26.866938,
ORD_68399ba64d06,淘宝直播_20260605_8d2abff0,TB_3340,SKU9679,淘宝直播,8,179.486468,1435.89,196.06,1239.83,0,completed,2026-06-05T22:31:26.866616,
ORD_10429d04a3d5,淘宝直播_20260605_8d2abff0,TB_3340,SKU4648,淘宝直播,1,1836.69134,1836.69,135.68,1701.01,0,paid,2026-06-05T22:31:26.866301,
ORD_5722daa23a43,淘宝直播_20260605_8d2abff0,TB_3340,SKU2099,淘宝直播,3,1230.239722,3690.72,517.04,3173.68,0,pending,2026-06-05T22:31:26.865452,
ORD_3b77ad825b8e,淘宝直播_20260605_8d2abff0,TB_3340,SKU5334,淘宝直播,1,1291.101092,1291.1,111.81,1179.29,0,paid,2026-06-05T22:31:26.865191,
ORD_5859a42375a2,淘宝直播_20260605_8d2abff0,TB_3340,SKU1122,淘宝直播,8,1579.358047,12634.86,1469.74,11165.12,0,pending,2026-06-05T22:31:26.864934,
ORD_ffa279465923,淘宝直播_20260605_8d2abff0,TB_3340,SKU8195,淘宝直播,5,825.603693,4128.02,734.97,3393.05,0,shipped,2026-06-05T22:31:26.864676,
ORD_200d60fdaf01,淘宝直播_20260605_8d2abff0,TB_3340,SKU6724,淘宝直播,1,1800.348796,1800.35,0.19,1800.16,0,pending,2026-06-05T22:31:26.864419,
ORD_84dd9ce250ee,淘宝直播_20260605_8d2abff0,TB_3340,SKU9551,淘宝直播,5,204.557127,1022.79,5.39,1017.4,0,paid,2026-06-05T22:31:26.864157,
ORD_73482f534bc3,淘宝直播_20260605_8d2abff0,TB_3340,SKU6160,淘宝直播,6,764.364595,4586.19,194.11,4392.08,0,paid,2026-06-05T22:31:26.863899,
ORD_188860376e84,淘宝直播_20260605_8d2abff0,TB_3340,SKU5808,淘宝直播,6,1688.110843,10128.67,1037.17,9091.5,0,paid,2026-06-05T22:31:26.863648,
ORD_85551c3a1daf,淘宝直播_20260605_8d2abff0,TB_3340,SKU1305,淘宝直播,5,1840.433099,9202.17,953.5,8248.67,0,completed,2026-06-05T22:31:26.863390,
ORD_5f154ec3bd7b,淘宝直播_20260605_8d2abff0,TB_3340,SKU9464,淘宝直播,4,1933.330667,7733.32,1237.39,6495.93,0,paid,2026-06-05T22:31:26.863114,
ORD_d3b04099d99f,淘宝直播_20260605_8d2abff0,TB_3340,SKU9926,淘宝直播,2,1498.084506,2996.17,41.26,2954.91,0,pending,2026-06-05T22:31:26.862832,
ORD_e0da894a7bd3,淘宝直播_20260605_8d2abff0,TB_3340,SKU5195,淘宝直播,6,257.571201,1545.43,180.03,1365.4,0,pending,2026-06-05T22:31:26.862548,
ORD_dd3c53c48791,淘宝直播_20260605_8d2abff0,TB_3340,SKU9095,淘宝直播,8,1635.662317,13085.3,2230.44,10854.86,0,paid,2026-06-05T22:31:26.862223,
ORD_8a54ff857c8f,淘宝直播_20260605_8d2abff0,TB_3340,SKU6697,淘宝直播,3,1062.889605,3188.67,148.28,3040.39,0,completed,2026-06-05T22:31:26.861870,
ORD_77d89e7b442e,淘宝直播_20260605_8d2abff0,TB_3340,SKU2318,淘宝直播,6,480.705573,2884.23,261.77,2622.46,0,paid,2026-06-05T22:31:26.861452,
ORD_09f97200d319,淘宝直播_20260605_8d2abff0,TB_3340,SKU3102,淘宝直播,5,605.91972,3029.6,142.84,2886.76,0,paid,2026-06-05T22:31:26.861032,
ORD_73af30f1320a,淘宝直播_20260605_8d2abff0,TB_3340,SKU2155,淘宝直播,1,1611.182945,1611.18,216.67,1394.51,0,paid,2026-06-05T22:31:26.860562,
ORD_f4f84527a76a,淘宝直播_20260605_8d2abff0,TB_3340,SKU2055,淘宝直播,6,1756.510475,10539.06,1981.9,8557.16,0,shipped,2026-06-05T22:31:26.860309,
ORD_131644e46d72,淘宝直播_20260605_8d2abff0,TB_3340,SKU6263,淘宝直播,6,909.865856,5459.2,7.49,5451.71,0,shipped,2026-06-05T22:31:26.860053,
ORD_febf8dbf1b14,淘宝直播_20260605_8d2abff0,TB_3340,SKU5615,淘宝直播,3,1639.904137,4919.71,267.08,4652.63,0,paid,2026-06-05T22:31:26.859792,
ORD_fe6bfad8cb39,淘宝直播_20260605_8d2abff0,TB_3340,SKU5946,淘宝直播,8,1211.192334,9689.54,1555.74,8133.8,0,paid,2026-06-05T22:31:26.859530,
ORD_26aae2002ab7,淘宝直播_20260605_8d2abff0,TB_3340,SKU5727,淘宝直播,8,1267.505211,10140.04,399,9741.04,0,completed,2026-06-05T22:31:26.859259,
ORD_2f20c771c99e,淘宝直播_20260605_8d2abff0,TB_3340,SKU8488,淘宝直播,7,1105.289836,7737.03,277.86,7459.17,0,paid,2026-06-05T22:31:26.858982,
ORD_f1d1df68b83e,淘宝直播_20260605_8d2abff0,TB_3340,SKU7065,淘宝直播,5,196.171176,980.86,125.51,855.35,0,pending,2026-06-05T22:31:26.858575,
ORD_cbdef49eed00,淘宝直播_20260605_8d2abff0,TB_3340,SKU6847,淘宝直播,8,1054.611149,8436.89,513.92,7922.97,0,completed,2026-06-05T22:31:26.858192,
ORD_75c61a5f1636,淘宝直播_20260605_8d2abff0,TB_3340,SKU9971,淘宝直播,2,176.225747,352.45,58.53,293.92,0,completed,2026-06-05T22:31:26.857703,
ORD_561e5966f7dc,淘宝直播_20260605_8d2abff0,TB_3340,SKU8624,淘宝直播,5,1958.381916,9791.91,512.15,9279.76,0,completed,2026-06-05T22:31:26.857016,
ORD_cf8af22871f0,淘宝直播_20260605_8d2abff0,TB_3340,SKU8113,淘宝直播,3,1533.651368,4600.95,17.22,4583.73,0,paid,2026-06-05T22:31:26.856064,
ORD_086ba27115fb,淘宝直播_20260605_8d2abff0,TB_3340,SKU6592,淘宝直播,6,536.778432,3220.67,498.24,2722.43,0,pending,2026-06-05T22:31:26.855802,
ORD_33eeee261bc5,淘宝直播_20260605_8d2abff0,TB_3340,SKU7722,淘宝直播,8,1776.341059,14210.73,1862.77,12347.96,0,pending,2026-06-05T22:31:26.855543,
ORD_2f2ccb17091d,淘宝直播_20260605_8d2abff0,TB_3340,SKU2767,淘宝直播,1,1649.77716,1649.78,276.83,1372.95,0,completed,2026-06-05T22:31:26.855290,
ORD_2ec2363b1a99,淘宝直播_20260605_8d2abff0,TB_3340,SKU1272,淘宝直播,6,52.619326,315.72,25.22,290.5,0,pending,2026-06-05T22:31:26.855041,
ORD_0d1bf7657316,淘宝直播_20260605_8d2abff0,TB_3340,SKU4116,淘宝直播,8,353.555891,2828.45,351.16,2477.29,0,shipped,2026-06-05T22:31:26.854788,
ORD_8fc2ed900de1,淘宝直播_20260605_8d2abff0,TB_3340,SKU6044,淘宝直播,1,1620.353627,1620.35,149.01,1471.34,0,paid,2026-06-05T22:31:26.854526,
ORD_97d7795144af,淘宝直播_20260605_8d2abff0,TB_3340,SKU2455,淘宝直播,7,1943.559406,13604.92,1963,11641.92,0,pending,2026-06-05T22:31:26.854266,
ORD_9fdce1d37f00,淘宝直播_20260605_8d2abff0,TB_3340,SKU6162,淘宝直播,2,1180.566959,2361.13,405.47,1955.66,0,completed,2026-06-05T22:31:26.854001,
ORD_a875b0336118,淘宝直播_20260605_8d2abff0,TB_3340,SKU9260,淘宝直播,6,281.863227,1691.18,308.46,1382.72,0,paid,2026-06-05T22:31:26.853733,
ORD_fe5a80901af6,淘宝直播_20260605_8d2abff0,TB_3340,SKU6546,淘宝直播,3,1870.43022,5611.29,162.96,5448.33,0,pending,2026-06-05T22:31:26.853473,
ORD_2184174e5544,淘宝直播_20260605_8d2abff0,TB_3340,SKU6415,淘宝直播,8,817.208892,6537.67,329.29,6208.38,0,completed,2026-06-05T22:31:26.853214,
ORD_efd9635dcbf0,淘宝直播_20260605_8d2abff0,TB_3340,SKU1075,淘宝直播,3,393.031564,1179.09,173.27,1005.82,0,completed,2026-06-05T22:31:26.852944,
ORD_85ee3e4ea218,淘宝直播_20260605_8d2abff0,TB_3340,SKU6880,淘宝直播,8,1145.255717,9162.05,350.11,8811.94,0,paid,2026-06-05T22:31:26.852669,
ORD_1a05b7ef3b3f,淘宝直播_20260605_8d2abff0,TB_3340,SKU1605,淘宝直播,2,1420.796139,2841.59,151.85,2689.74,0,pending,2026-06-05T22:31:26.852380,
ORD_044f573068dc,淘宝直播_20260605_8d2abff0,TB_3340,SKU3647,淘宝直播,7,581.134122,4067.94,534.08,3533.86,0,pending,2026-06-05T22:31:26.852100,
ORD_c90adcff5069,淘宝直播_20260605_8d2abff0,TB_3340,SKU9839,淘宝直播,1,1684.469273,1684.47,20.09,1664.38,0,pending,2026-06-05T22:31:26.851797,
ORD_86610f87588e,淘宝直播_20260605_8d2abff0,TB_3340,SKU3957,淘宝直播,5,1645.167146,8225.84,843.75,7382.09,0,completed,2026-06-05T22:31:26.851443,
ORD_a52c48f6a7d5,淘宝直播_20260605_956ae63a,TB_9454,SKU7363,淘宝直播,4,1982.120204,7928.48,1506.88,6421.6,0,pending,2026-06-05T22:31:26.837101,
ORD_2947cf9744dc,淘宝直播_20260605_956ae63a,TB_9454,SKU3269,淘宝直播,2,819.056051,1638.11,82.7,1555.41,0,completed,2026-06-05T22:31:26.836841,
ORD_0d90c84303d8,淘宝直播_20260605_956ae63a,TB_9454,SKU5196,淘宝直播,3,395.582423,1186.75,46.38,1140.37,0,completed,2026-06-05T22:31:26.836575,
ORD_fe38321ffe7f,淘宝直播_20260605_956ae63a,TB_9454,SKU2374,淘宝直播,4,876.913992,3507.66,38.17,3469.49,0,pending,2026-06-05T22:31:26.836325,
ORD_e3e5186e404f,淘宝直播_20260605_956ae63a,TB_9454,SKU7353,淘宝直播,4,186.688245,746.75,91.83,654.92,0,completed,2026-06-05T22:31:26.836074,
ORD_6d65e7f90f76,淘宝直播_20260605_956ae63a,TB_9454,SKU4571,淘宝直播,7,1335.779614,9350.46,487.35,8863.11,0,completed,2026-06-05T22:31:26.835820,
ORD_2b99124e956d,淘宝直播_20260605_956ae63a,TB_9454,SKU3340,淘宝直播,2,1139.362792,2278.73,307.04,1971.69,0,completed,2026-06-05T22:31:26.835559,
ORD_9bcaef596ac6,淘宝直播_20260605_956ae63a,TB_9454,SKU3910,淘宝直播,1,987.31766,987.32,81.71,905.61,0,paid,2026-06-05T22:31:26.835302,
ORD_50a626b976a2,淘宝直播_20260605_956ae63a,TB_9454,SKU1681,淘宝直播,2,298.155533,596.31,28.87,567.44,0,completed,2026-06-05T22:31:26.835054,
ORD_c179a2d72b6f,淘宝直播_20260605_956ae63a,TB_9454,SKU7436,淘宝直播,1,247.093561,247.09,42.53,204.56,0,completed,2026-06-05T22:31:26.834796,
ORD_4d70ec3e7924,淘宝直播_20260605_956ae63a,TB_9454,SKU7597,淘宝直播,7,1942.468008,13597.28,2504.93,11092.35,0,shipped,2026-06-05T22:31:26.834233,
ORD_ff092a7649a6,淘宝直播_20260605_956ae63a,TB_9454,SKU7314,淘宝直播,6,124.908668,749.45,6.32,743.13,0,completed,2026-06-05T22:31:26.833976,
ORD_e49c170af2a2,淘宝直播_20260605_956ae63a,TB_9454,SKU6922,淘宝直播,3,321.179377,963.54,63.07,900.47,0,paid,2026-06-05T22:31:26.833709,
ORD_ef8dfa1c6a16,淘宝直播_20260605_956ae63a,TB_9454,SKU5119,淘宝直播,7,469.347287,3285.43,365.11,2920.32,0,completed,2026-06-05T22:31:26.833441,
ORD_23c0cd146806,淘宝直播_20260605_956ae63a,TB_9454,SKU3306,淘宝直播,2,999.25981,1998.52,338.01,1660.51,0,shipped,2026-06-05T22:31:26.833158,
ORD_d05dd0c72bc5,淘宝直播_20260605_956ae63a,TB_9454,SKU7844,淘宝直播,3,1096.631485,3289.89,144.23,3145.66,0,completed,2026-06-05T22:31:26.832844,
ORD_f0201aae170e,淘宝直播_20260605_956ae63a,TB_9454,SKU6150,淘宝直播,6,1849.028136,11094.17,1817.76,9276.41,0,shipped,2026-06-05T22:31:26.832351,
ORD_e12bd10b6dfc,淘宝直播_20260605_956ae63a,TB_9454,SKU3372,淘宝直播,6,1910.097711,11460.59,2018.53,9442.06,0,completed,2026-06-05T22:31:26.831927,
ORD_64d2c741c1ea,淘宝直播_20260605_956ae63a,TB_9454,SKU6714,淘宝直播,3,1792.216669,5376.65,155.7,5220.95,0,pending,2026-06-05T22:31:26.831675,
ORD_59d4d24bd13e,淘宝直播_20260605_956ae63a,TB_9454,SKU3355,淘宝直播,1,1026.392754,1026.39,147.88,878.51,0,completed,2026-06-05T22:31:26.831432,
ORD_e988cba89879,淘宝直播_20260605_956ae63a,TB_9454,SKU9425,淘宝直播,8,1768.686876,14149.5,1073.58,13075.92,0,paid,2026-06-05T22:31:26.831186,
ORD_de1e0bbc0276,淘宝直播_20260605_956ae63a,TB_9454,SKU8063,淘宝直播,6,955.2821,5731.69,187.98,5543.71,0,paid,2026-06-05T22:31:26.830941,
ORD_60c4ad50c826,淘宝直播_20260605_956ae63a,TB_9454,SKU3901,淘宝直播,8,1688.891305,13511.13,1023.53,12487.6,0,completed,2026-06-05T22:31:26.830689,
ORD_c3c4630d2f8a,淘宝直播_20260605_956ae63a,TB_9454,SKU5301,淘宝直播,3,1306.320161,3918.96,392.87,3526.09,0,pending,2026-06-05T22:31:26.830435,
ORD_f38dd92743b0,淘宝直播_20260605_956ae63a,TB_9454,SKU9786,淘宝直播,6,281.701467,1690.21,152.3,1537.91,0,shipped,2026-06-05T22:31:26.830182,
ORD_d7d5a5a35911,淘宝直播_20260605_956ae63a,TB_9454,SKU4748,淘宝直播,5,742.636945,3713.18,677.02,3036.16,0,pending,2026-06-05T22:31:26.829930,
ORD_51619ccebf1c,淘宝直播_20260605_956ae63a,TB_9454,SKU6922,淘宝直播,5,99.458942,497.29,43.12,454.17,0,completed,2026-06-05T22:31:26.829680,
ORD_fa6988d1c93b,淘宝直播_20260605_956ae63a,TB_9454,SKU2166,淘宝直播,7,306.073019,2142.51,267.18,1875.33,0,completed,2026-06-05T22:31:26.829413,
ORD_aacd01e627b8,淘宝直播_20260605_956ae63a,TB_9454,SKU5242,淘宝直播,3,1019.064718,3057.19,525.38,2531.81,0,paid,2026-06-05T22:31:26.829147,
ORD_030656c62d8d,淘宝直播_20260605_956ae63a,TB_9454,SKU6519,淘宝直播,8,590.087248,4720.7,895.39,3825.31,0,shipped,2026-06-05T22:31:26.828880,
ORD_d3a9b9a3f3b6,淘宝直播_20260605_956ae63a,TB_9454,SKU6631,淘宝直播,3,180.401916,541.21,59.35,481.86,0,paid,2026-06-05T22:31:26.828622,
ORD_f688ff58cc62,淘宝直播_20260605_956ae63a,TB_9454,SKU2909,淘宝直播,5,1715.458802,8577.29,26.6,8550.69,0,pending,2026-06-05T22:31:26.828360,
ORD_6bd169ddd710,淘宝直播_20260605_956ae63a,TB_9454,SKU2177,淘宝直播,7,1676.571032,11736,1784.02,9951.98,0,pending,2026-06-05T22:31:26.828091,
ORD_05bba7f58bc3,淘宝直播_20260605_956ae63a,TB_9454,SKU5904,淘宝直播,8,1473.431111,11787.45,1486.37,10301.08,0,paid,2026-06-05T22:31:26.827819,
ORD_0014750f6ed2,淘宝直播_20260605_956ae63a,TB_9454,SKU4287,淘宝直播,7,1161.805746,8132.64,1068.4,7064.24,0,pending,2026-06-05T22:31:26.827555,
ORD_41e530c8143d,淘宝直播_20260605_956ae63a,TB_9454,SKU4916,淘宝直播,6,1636.374264,9818.25,1345.45,8472.8,0,completed,2026-06-05T22:31:26.827289,
ORD_80097870c87d,淘宝直播_20260605_956ae63a,TB_9454,SKU8346,淘宝直播,1,646.989129,646.99,47.37,599.62,0,completed,2026-06-05T22:31:26.827015,
ORD_19cdf1b5015d,淘宝直播_20260605_956ae63a,TB_9454,SKU7454,淘宝直播,3,1014.787189,3044.36,474.6,2569.76,0,paid,2026-06-05T22:31:26.826751,
ORD_f4ae66730702,淘宝直播_20260605_956ae63a,TB_9454,SKU1347,淘宝直播,2,970.936968,1941.87,216.92,1724.95,0,pending,2026-06-05T22:31:26.826470,
ORD_aae58ddb157b,淘宝直播_20260605_956ae63a,TB_9454,SKU8897,淘宝直播,4,1557.811162,6231.24,413.6,5817.64,0,pending,2026-06-05T22:31:26.826175,
ORD_fa5bd50171ba,淘宝直播_20260605_956ae63a,TB_9454,SKU4535,淘宝直播,2,941.503089,1883.01,106.93,1776.08,0,completed,2026-06-05T22:31:26.825895,
ORD_a344ada30ba4,淘宝直播_20260605_956ae63a,TB_9454,SKU2447,淘宝直播,3,289.550167,868.65,147.02,721.63,0,shipped,2026-06-05T22:31:26.825617,
ORD_559b8819b601,淘宝直播_20260605_956ae63a,TB_9454,SKU5943,淘宝直播,6,1342.280318,8053.68,240.05,7813.63,0,completed,2026-06-05T22:31:26.825278,
ORD_e1548e664fa8,淘宝直播_20260605_956ae63a,TB_9454,SKU9296,淘宝直播,5,977.207689,4886.04,111.02,4775.02,0,shipped,2026-06-05T22:31:26.824704,
ORD_7b89ab4cc440,淘宝直播_20260605_956ae63a,TB_9454,SKU2114,淘宝直播,3,871.584874,2614.75,388.76,2225.99,0,paid,2026-06-05T22:31:26.823392,
ORD_55f709b5abd6,淘宝直播_20260605_956ae63a,TB_9454,SKU8207,淘宝直播,6,1050.496954,6302.98,1080.32,5222.66,0,completed,2026-06-05T22:31:26.821887,
ORD_6a6fbbeb64b5,淘宝直播_20260605_956ae63a,TB_9454,SKU4770,淘宝直播,6,139.707305,838.24,72.14,766.1,0,completed,2026-06-05T22:31:26.820836,
ORD_c946df1cf1d2,淘宝直播_20260605_956ae63a,TB_9454,SKU1679,淘宝直播,3,760.581544,2281.74,324.61,1957.13,0,paid,2026-06-05T22:31:26.819831,
ORD_bf9f5f83b567,淘宝直播_20260605_956ae63a,TB_9454,SKU1092,淘宝直播,3,1538.386005,4615.16,698.39,3916.77,0,shipped,2026-06-05T22:31:26.818547,
ORD_57f30fd93101,淘宝直播_20260605_956ae63a,TB_9454,SKU9796,淘宝直播,3,911.17646,2733.53,339.62,2393.91,0,shipped,2026-06-05T22:31:26.816970,
ORD_388fe6595365,淘宝直播_20260605_956ae63a,TB_9454,SKU1503,淘宝直播,2,1149.450097,2298.9,69.35,2229.55,0,shipped,2026-06-05T22:31:26.815080,
ORD_7902d50b0ad0,淘宝直播_20260605_956ae63a,TB_9454,SKU7968,淘宝直播,2,1315.048437,2630.1,131.37,2498.73,0,shipped,2026-06-05T22:31:26.814600,
ORD_fb0e2e2881b9,淘宝直播_20260605_956ae63a,TB_9454,SKU8802,淘宝直播,4,434.055638,1736.22,118.56,1617.66,0,pending,2026-06-05T22:31:26.814335,
ORD_ffa9fdc9f978,淘宝直播_20260605_956ae63a,TB_9454,SKU5089,淘宝直播,3,1515.665473,4547,147.01,4399.99,0,paid,2026-06-05T22:31:26.814060,
ORD_ca360655e5a9,淘宝直播_20260605_956ae63a,TB_9454,SKU6397,淘宝直播,6,531.218023,3187.31,88.31,3099,0,pending,2026-06-05T22:31:26.813764,
ORD_24868ffe641f,淘宝直播_20260605_956ae63a,TB_9454,SKU9567,淘宝直播,8,1192.284162,9538.27,1192.57,8345.7,0,completed,2026-06-05T22:31:26.813428,
ORD_a918122ed546,淘宝直播_20260605_956ae63a,TB_9454,SKU5646,淘宝直播,8,1910.371299,15282.97,2460.39,12822.58,0,shipped,2026-06-05T22:31:26.812991,
ORD_f006c3388042,淘宝直播_20260605_956ae63a,TB_9454,SKU6311,淘宝直播,7,1839.910795,12879.38,647.64,12231.74,0,completed,2026-06-05T22:31:26.812496,
ORD_f74df8a7a7ca,淘宝直播_20260605_956ae63a,TB_9454,SKU1926,淘宝直播,3,1041.927075,3125.78,234.14,2891.64,0,shipped,2026-06-05T22:31:26.812235,
ORD_ac3ef4e2eb96,淘宝直播_20260605_956ae63a,TB_9454,SKU2592,淘宝直播,3,1448.077631,4344.23,668.68,3675.55,0,shipped,2026-06-05T22:31:26.811978,
ORD_ca70c7feb8c0,淘宝直播_20260605_956ae63a,TB_9454,SKU4871,淘宝直播,3,445.427663,1336.28,13.3,1322.98,0,paid,2026-06-05T22:31:26.811694,
ORD_3e7f91511100,淘宝直播_20260605_956ae63a,TB_9454,SKU2441,淘宝直播,2,831.682944,1663.37,207.73,1455.64,0,pending,2026-06-05T22:31:26.811450,
ORD_f10609f28a7f,淘宝直播_20260605_956ae63a,TB_9454,SKU7860,淘宝直播,8,1868.419618,14947.36,2091.87,12855.49,0,paid,2026-06-05T22:31:26.811205,
ORD_9d45b86224d9,淘宝直播_20260605_956ae63a,TB_9454,SKU1736,淘宝直播,3,1425.289415,4275.87,253.1,4022.77,0,paid,2026-06-05T22:31:26.810955,
ORD_694a37061d5b,淘宝直播_20260605_956ae63a,TB_9454,SKU3631,淘宝直播,8,1936.211494,15489.69,2431.89,13057.8,0,paid,2026-06-05T22:31:26.810691,
ORD_ef35e2beea20,淘宝直播_20260605_956ae63a,TB_9454,SKU5926,淘宝直播,4,1649.17838,6596.71,528.15,6068.56,0,paid,2026-06-05T22:31:26.810439,
ORD_a7ca3d19d7f7,淘宝直播_20260605_956ae63a,TB_9454,SKU2123,淘宝直播,8,1237.471983,9899.78,299.47,9600.31,0,shipped,2026-06-05T22:31:26.810186,
ORD_ef033e447f4d,淘宝直播_20260605_956ae63a,TB_9454,SKU1409,淘宝直播,2,1357.14883,2714.3,94.05,2620.25,0,pending,2026-06-05T22:31:26.809923,
ORD_f7b124306813,淘宝直播_20260605_956ae63a,TB_9454,SKU6400,淘宝直播,7,789.897838,5529.28,1017.13,4512.15,0,paid,2026-06-05T22:31:26.809660,
ORD_5e0cc0ee74e4,淘宝直播_20260605_956ae63a,TB_9454,SKU2398,淘宝直播,4,780.163534,3120.65,242.52,2878.13,0,paid,2026-06-05T22:31:26.809382,
ORD_2f8e0e179df3,淘宝直播_20260605_956ae63a,TB_9454,SKU8816,淘宝直播,4,1535.790408,6143.16,502.57,5640.59,0,paid,2026-06-05T22:31:26.809107,
ORD_aff0d90817e5,淘宝直播_20260605_956ae63a,TB_9454,SKU4626,淘宝直播,3,280.352259,841.06,10.61,830.45,0,completed,2026-06-05T22:31:26.808805,
ORD_0fe873933d59,淘宝直播_20260605_956ae63a,TB_9454,SKU1021,淘宝直播,1,116.465272,116.47,14.41,102.06,0,shipped,2026-06-05T22:31:26.808462,
ORD_14b3aad5099a,淘宝直播_20260605_956ae63a,TB_9454,SKU2677,淘宝直播,1,625.798862,625.8,67.69,558.11,0,paid,2026-06-05T22:31:26.808027,
ORD_b65b88b3b397,淘宝直播_20260605_956ae63a,TB_9454,SKU2575,淘宝直播,5,1781.538345,8907.69,1402.64,7505.05,0,shipped,2026-06-05T22:31:26.807049,
ORD_be04426eea99,淘宝直播_20260605_956ae63a,TB_9454,SKU9166,淘宝直播,8,729.602862,5836.82,598.61,5238.21,0,completed,2026-06-05T22:31:26.806511,
ORD_e474aef8c123,淘宝直播_20260605_956ae63a,TB_9454,SKU9539,淘宝直播,6,1097.466683,6584.8,1000.95,5583.85,0,pending,2026-06-05T22:31:26.805302,
ORD_6c0e2ed41fcf,淘宝直播_20260605_956ae63a,TB_9454,SKU3486,淘宝直播,8,1932.696207,15461.57,1449.23,14012.34,0,paid,2026-06-05T22:31:26.804478,
ORD_275e152d43dc,淘宝直播_20260605_956ae63a,TB_9454,SKU1735,淘宝直播,4,688.344044,2753.38,388.96,2364.42,0,shipped,2026-06-05T22:31:26.803403,
ORD_fbd522047fa6,淘宝直播_20260605_956ae63a,TB_9454,SKU8661,淘宝直播,5,1560.109022,7800.55,367.26,7433.29,0,shipped,2026-06-05T22:31:26.802220,
ORD_88580f7d31e0,淘宝直播_20260605_956ae63a,TB_9454,SKU9969,淘宝直播,5,1390.382242,6951.91,8.78,6943.13,0,completed,2026-06-05T22:31:26.799290,
ORD_9ea0ce0de3b0,淘宝直播_20260605_956ae63a,TB_9454,SKU7586,淘宝直播,5,1200.539608,6002.7,614.73,5387.97,0,paid,2026-06-05T22:31:26.797502,
ORD_85eb6af5281a,淘宝直播_20260605_956ae63a,TB_9454,SKU4459,淘宝直播,3,170.59424,511.78,73.44,438.34,0,paid,2026-06-05T22:31:26.797227,
ORD_81cac927a859,淘宝直播_20260605_956ae63a,TB_9454,SKU5464,淘宝直播,3,362.991716,1088.98,88.09,1000.89,0,shipped,2026-06-05T22:31:26.796961,
ORD_9d0bc59ab4f5,淘宝直播_20260605_956ae63a,TB_9454,SKU1538,淘宝直播,1,162.558342,162.56,7.31,155.25,0,shipped,2026-06-05T22:31:26.796689,
ORD_595f751c6751,淘宝直播_20260605_956ae63a,TB_9454,SKU6762,淘宝直播,3,1336.292927,4008.88,138.63,3870.25,0,paid,2026-06-05T22:31:26.796418,
ORD_e8b9a6847299,淘宝直播_20260605_956ae63a,TB_9454,SKU3045,淘宝直播,7,1454.359922,10180.52,1485.75,8694.77,0,shipped,2026-06-05T22:31:26.796144,
ORD_5a0156253b6b,淘宝直播_20260605_956ae63a,TB_9454,SKU1814,淘宝直播,7,646.715916,4527.01,176.34,4350.67,0,paid,2026-06-05T22:31:26.795845,
ORD_eecc9e85ca08,淘宝直播_20260605_956ae63a,TB_9454,SKU1405,淘宝直播,6,1439.812076,8638.87,266.42,8372.45,0,paid,2026-06-05T22:31:26.795551,
ORD_60c24b40a481,淘宝直播_20260605_956ae63a,TB_9454,SKU6674,淘宝直播,7,451.857185,3163,486.03,2676.97,0,shipped,2026-06-05T22:31:26.795246,
ORD_d9883e3ec8dd,淘宝直播_20260605_956ae63a,TB_9454,SKU3394,淘宝直播,7,409.819605,2868.74,182.8,2685.94,0,paid,2026-06-05T22:31:26.794884,
ORD_3a2b57abea4e,淘宝直播_20260605_956ae63a,TB_9454,SKU4828,淘宝直播,3,613.196691,1839.59,266.17,1573.42,0,shipped,2026-06-05T22:31:26.794293,
ORD_dca114ac8813,淘宝直播_20260605_956ae63a,TB_9454,SKU5915,淘宝直播,4,1760.232644,7040.93,962.81,6078.12,0,pending,2026-06-05T22:31:26.790319,
ORD_0f906c43ed19,淘宝直播_20260605_956ae63a,TB_9454,SKU8011,淘宝直播,1,555.959094,555.96,80.09,475.87,0,paid,2026-06-05T22:31:26.788947,
ORD_20ab28a4a62b,淘宝直播_20260605_956ae63a,TB_9454,SKU1216,淘宝直播,2,1889.211236,3778.42,598.65,3179.77,0,completed,2026-06-05T22:31:26.788577,
ORD_e2205a94483a,淘宝直播_20260605_956ae63a,TB_9454,SKU3921,淘宝直播,6,48.676644,292.06,28.24,263.82,0,paid,2026-06-05T22:31:26.788032,
ORD_3a01bd376a7b,淘宝直播_20260605_956ae63a,TB_9454,SKU4521,淘宝直播,2,1428.138989,2856.28,151.55,2704.73,0,paid,2026-06-05T22:31:26.781675,
ORD_1a0cd853ded5,淘宝直播_20260605_956ae63a,TB_9454,SKU2554,淘宝直播,4,1130.081568,4520.33,695.62,3824.71,0,paid,2026-06-05T22:31:26.780649,
ORD_0cd0800d3009,淘宝直播_20260605_956ae63a,TB_9454,SKU7088,淘宝直播,3,330.998387,993,100.84,892.16,0,pending,2026-06-05T22:31:26.779334,
ORD_4d03864f02e6,淘宝直播_20260605_956ae63a,TB_9454,SKU6258,淘宝直播,5,1036.53317,5182.67,97.94,5084.73,0,completed,2026-06-05T22:31:26.775977,
ORD_dc217b637c96,淘宝直播_20260605_956ae63a,TB_9454,SKU1600,淘宝直播,3,1242.687892,3728.06,85.29,3642.77,0,shipped,2026-06-05T22:31:26.772989,
ORD_8c1a9ee06ade,淘宝直播_20260605_956ae63a,TB_9454,SKU2008,淘宝直播,5,444.673588,2223.37,403.78,1819.59,0,paid,2026-06-05T22:31:26.771605,
ORD_73b0a67799b3,淘宝直播_20260605_8f0be9f8,TB_6406,SKU6299,淘宝直播,8,1671.821082,13374.57,2010.7,11363.87,0,shipped,2026-06-05T22:31:26.747904,
ORD_dc1afc427cc3,淘宝直播_20260605_8f0be9f8,TB_6406,SKU1406,淘宝直播,2,235.970344,471.94,18.73,453.21,0,completed,2026-06-05T22:31:26.747663,
ORD_83e71e507abc,淘宝直播_20260605_8f0be9f8,TB_6406,SKU4324,淘宝直播,7,963.101745,6741.71,394.65,6347.06,0,pending,2026-06-05T22:31:26.747423,
ORD_3ba2705d6c1f,淘宝直播_20260605_8f0be9f8,TB_6406,SKU1221,淘宝直播,4,1386.895806,5547.58,1092.38,4455.2,0,completed,2026-06-05T22:31:26.747179,
ORD_a5386b3c26eb,淘宝直播_20260605_8f0be9f8,TB_6406,SKU5457,淘宝直播,6,784.918962,4709.51,640.26,4069.25,0,completed,2026-06-05T22:31:26.746936,
ORD_ab3868b2e506,淘宝直播_20260605_8f0be9f8,TB_6406,SKU7618,淘宝直播,1,1789.267869,1789.27,67.98,1721.29,0,pending,2026-06-05T22:31:26.746690,
ORD_132a15e9e66d,淘宝直播_20260605_8f0be9f8,TB_6406,SKU4435,淘宝直播,6,1065.946199,6395.68,435.69,5959.99,0,shipped,2026-06-05T22:31:26.746440,
ORD_d940ea4e06c1,淘宝直播_20260605_8f0be9f8,TB_6406,SKU2874,淘宝直播,6,601.336395,3608.02,16.81,3591.21,0,shipped,2026-06-05T22:31:26.746196,
ORD_daf9dc060dae,淘宝直播_20260605_8f0be9f8,TB_6406,SKU2709,淘宝直播,7,1005.549871,7038.85,127.57,6911.28,0,shipped,2026-06-05T22:31:26.745946,
ORD_e5880871a3b7,淘宝直播_20260605_8f0be9f8,TB_6406,SKU8722,淘宝直播,5,1195.629442,5978.15,777.91,5200.24,0,paid,2026-06-05T22:31:26.745702,
ORD_f72dea45084b,淘宝直播_20260605_8f0be9f8,TB_6406,SKU2827,淘宝直播,8,1513.299427,12106.4,1598.26,10508.14,0,pending,2026-06-05T22:31:26.745459,
ORD_f5a04b1df86d,淘宝直播_20260605_8f0be9f8,TB_6406,SKU8780,淘宝直播,1,1836.314585,1836.31,337.38,1498.93,0,completed,2026-06-05T22:31:26.745207,
ORD_04dfa8a2fda0,淘宝直播_20260605_8f0be9f8,TB_6406,SKU5532,淘宝直播,6,657.903341,3947.42,4.56,3942.86,0,completed,2026-06-05T22:31:26.744957,
ORD_b29e404af830,淘宝直播_20260605_8f0be9f8,TB_6406,SKU2242,淘宝直播,1,674.685586,674.69,113.24,561.45,0,completed,2026-06-05T22:31:26.744709,
ORD_ddeaafd585fc,淘宝直播_20260605_8f0be9f8,TB_6406,SKU7781,淘宝直播,1,211.590423,211.59,11.85,199.74,0,paid,2026-06-05T22:31:26.744461,
ORD_6a1ae5d460ce,淘宝直播_20260605_8f0be9f8,TB_6406,SKU6373,淘宝直播,7,533.134939,3731.94,268.03,3463.91,0,shipped,2026-06-05T22:31:26.744212,
ORD_f5dd39e1cbae,淘宝直播_20260605_8f0be9f8,TB_6406,SKU2086,淘宝直播,4,619.048223,2476.19,390.79,2085.4,0,pending,2026-06-05T22:31:26.743955,
ORD_6b61af90aa63,淘宝直播_20260605_8f0be9f8,TB_6406,SKU4915,淘宝直播,4,967.691514,3870.77,593.53,3277.24,0,shipped,2026-06-05T22:31:26.743664,
ORD_39c9576a10f8,淘宝直播_20260605_8f0be9f8,TB_6406,SKU6401,淘宝直播,3,654.432501,1963.3,313.28,1650.02,0,pending,2026-06-05T22:31:26.743373,
ORD_17f48c733937,淘宝直播_20260605_8f0be9f8,TB_6406,SKU8069,淘宝直播,8,1922.96946,15383.76,2345.58,13038.18,0,pending,2026-06-05T22:31:26.743054,
ORD_63cb69cfcf7c,淘宝直播_20260605_80977fc7,TB_4220,SKU2574,淘宝直播,4,1855.273776,7421.1,414.86,7006.24,0,completed,2026-06-05T22:31:26.730232,
ORD_1c9a4d0450a9,淘宝直播_20260605_80977fc7,TB_4220,SKU1887,淘宝直播,5,1073.520528,5367.6,809.12,4558.48,0,shipped,2026-06-05T22:31:26.729984,
ORD_de6bf89bc70b,淘宝直播_20260605_80977fc7,TB_4220,SKU5382,淘宝直播,7,142.563281,997.94,36.13,961.81,0,shipped,2026-06-05T22:31:26.729745,
ORD_b762889c2579,淘宝直播_20260605_80977fc7,TB_4220,SKU7310,淘宝直播,6,1435.390154,8612.34,482.72,8129.62,0,completed,2026-06-05T22:31:26.729501,
ORD_e0bd3748919a,淘宝直播_20260605_80977fc7,TB_4220,SKU2909,淘宝直播,1,43.012377,43.01,0.1,42.91,0,pending,2026-06-05T22:31:26.729260,
ORD_7f1d237e87b8,淘宝直播_20260605_80977fc7,TB_4220,SKU8902,淘宝直播,6,1917.409253,11504.46,1263.66,10240.8,0,paid,2026-06-05T22:31:26.729017,
ORD_2bf7c71c8a49,淘宝直播_20260605_80977fc7,TB_4220,SKU4764,淘宝直播,1,1650.979617,1650.98,38.48,1612.5,0,shipped,2026-06-05T22:31:26.728756,
ORD_c3d2931bc338,淘宝直播_20260605_80977fc7,TB_4220,SKU9055,淘宝直播,4,1013.10921,4052.44,256.85,3795.59,0,pending,2026-06-05T22:31:26.728504,
ORD_5741b97c0680,淘宝直播_20260605_80977fc7,TB_4220,SKU9455,淘宝直播,8,446.222229,3569.78,708.09,2861.69,0,pending,2026-06-05T22:31:26.728234,
ORD_0f697e70edb0,淘宝直播_20260605_80977fc7,TB_4220,SKU8935,淘宝直播,8,1918.443482,15347.55,2739.02,12608.53,0,pending,2026-06-05T22:31:26.727969,
ORD_56c21fc7cce1,淘宝直播_20260605_80977fc7,TB_4220,SKU1003,淘宝直播,3,1699.13217,5097.4,983.76,4113.64,0,completed,2026-06-05T22:31:26.727710,
ORD_3c0b07b68c95,淘宝直播_20260605_80977fc7,TB_4220,SKU7133,淘宝直播,3,702.662082,2107.99,398.65,1709.34,0,completed,2026-06-05T22:31:26.727458,
ORD_6cb7d30a9ee3,淘宝直播_20260605_80977fc7,TB_4220,SKU7327,淘宝直播,6,1991.018421,11946.11,2372.2,9573.91,0,shipped,2026-06-05T22:31:26.727203,
ORD_42393a6e56f3,淘宝直播_20260605_80977fc7,TB_4220,SKU5824,淘宝直播,7,1757.732165,12304.13,733.28,11570.85,0,pending,2026-06-05T22:31:26.726939,
ORD_46542af18a98,淘宝直播_20260605_80977fc7,TB_4220,SKU2410,淘宝直播,4,1684.102074,6736.41,1252.54,5483.87,0,shipped,2026-06-05T22:31:26.726674,
ORD_83d2010d889d,淘宝直播_20260605_80977fc7,TB_4220,SKU5970,淘宝直播,5,1326.119031,6630.6,806.68,5823.92,0,shipped,2026-06-05T22:31:26.726415,
ORD_692a2cbb7cac,淘宝直播_20260605_80977fc7,TB_4220,SKU9564,淘宝直播,3,1912.290243,5736.87,146.86,5590.01,0,paid,2026-06-05T22:31:26.726155,
ORD_a89cedaf1995,淘宝直播_20260605_80977fc7,TB_4220,SKU2072,淘宝直播,2,1987.456861,3974.91,624.83,3350.08,0,paid,2026-06-05T22:31:26.725887,
ORD_4d0fecb3547c,淘宝直播_20260605_80977fc7,TB_4220,SKU8544,淘宝直播,4,1860.870251,7443.48,1272.22,6171.26,0,completed,2026-06-05T22:31:26.725609,
ORD_a3e95edcc529,淘宝直播_20260605_80977fc7,TB_4220,SKU2008,淘宝直播,2,1739.134337,3478.27,515.87,2962.4,0,paid,2026-06-05T22:31:26.725313,
ORD_98b88dedb3c8,淘宝直播_20260605_80977fc7,TB_4220,SKU8864,淘宝直播,5,1298.572812,6492.86,387.46,6105.4,0,pending,2026-06-05T22:31:26.724982,
ORD_d6682cd17fca,淘宝直播_20260605_80977fc7,TB_4220,SKU7990,淘宝直播,8,1099.444269,8795.55,1147.99,7647.56,0,pending,2026-06-05T22:31:26.724458,
ORD_97e8172a4105,淘宝直播_20260605_80977fc7,TB_4220,SKU5611,淘宝直播,8,1787.978033,14303.82,1307.33,12996.49,0,paid,2026-06-05T22:31:26.723580,
ORD_6662769ab4c5,淘宝直播_20260605_80977fc7,TB_4220,SKU3656,淘宝直播,5,1999.250082,9996.25,657.24,9339.01,0,paid,2026-06-05T22:31:26.723314,
ORD_2bc3c826cf09,淘宝直播_20260605_80977fc7,TB_4220,SKU1153,淘宝直播,3,1717.331323,5151.99,702.48,4449.51,0,pending,2026-06-05T22:31:26.723043,
ORD_269c7a965d8d,淘宝直播_20260605_80977fc7,TB_4220,SKU7078,淘宝直播,2,1996.170296,3992.34,228.72,3763.62,0,completed,2026-06-05T22:31:26.722762,
ORD_5a23636bc773,淘宝直播_20260605_80977fc7,TB_4220,SKU6170,淘宝直播,2,678.120533,1356.24,163.74,1192.5,0,shipped,2026-06-05T22:31:26.722471,
ORD_b36f8aa4280e,淘宝直播_20260605_80977fc7,TB_4220,SKU2854,淘宝直播,2,181.253362,362.51,50.76,311.75,0,pending,2026-06-05T22:31:26.722152,
ORD_4faf54f94d69,淘宝直播_20260605_80977fc7,TB_4220,SKU1061,淘宝直播,2,1062.301193,2124.6,329.36,1795.24,0,pending,2026-06-05T22:31:26.721741,
ORD_ab12eaa8736e,淘宝直播_20260605_80977fc7,TB_4220,SKU1319,淘宝直播,5,756.340801,3781.7,300.38,3481.32,0,pending,2026-06-05T22:31:26.721284,
ORD_4f752cdb43a6,淘宝直播_20260605_80977fc7,TB_4220,SKU6364,淘宝直播,2,370.372161,740.74,75.86,664.88,0,paid,2026-06-05T22:31:26.721028,
ORD_ee992c41c610,淘宝直播_20260605_80977fc7,TB_4220,SKU3467,淘宝直播,6,965.079327,5790.48,310.17,5480.31,0,pending,2026-06-05T22:31:26.720768,
ORD_81dc26089f0d,淘宝直播_20260605_80977fc7,TB_4220,SKU9821,淘宝直播,1,492.732,492.73,56.39,436.34,0,paid,2026-06-05T22:31:26.720502,
ORD_c25899049747,淘宝直播_20260605_80977fc7,TB_4220,SKU2367,淘宝直播,7,1682.331436,11776.32,835.92,10940.4,0,pending,2026-06-05T22:31:26.720226,
ORD_155143b288da,淘宝直播_20260605_80977fc7,TB_4220,SKU9634,淘宝直播,2,687.10342,1374.21,71.99,1302.22,0,completed,2026-06-05T22:31:26.719896,
ORD_7b81050ac944,淘宝直播_20260605_80977fc7,TB_4220,SKU4742,淘宝直播,7,1651.508905,11560.56,1696.19,9864.37,0,paid,2026-06-05T22:31:26.719617,
ORD_20f336e6dc10,淘宝直播_20260605_80977fc7,TB_4220,SKU8791,淘宝直播,1,82.780405,82.78,11.55,71.23,0,pending,2026-06-05T22:31:26.719330,
ORD_5a0587cafebd,淘宝直播_20260605_80977fc7,TB_4220,SKU5387,淘宝直播,3,542.486648,1627.46,170.95,1456.51,0,shipped,2026-06-05T22:31:26.719048,
ORD_42e3ce472a42,淘宝直播_20260605_80977fc7,TB_4220,SKU5240,淘宝直播,5,476.656082,2383.28,376.92,2006.36,0,pending,2026-06-05T22:31:26.718723,
ORD_7a923eb75162,淘宝直播_20260605_80977fc7,TB_4220,SKU2167,淘宝直播,8,276.618641,2212.95,303.7,1909.25,0,completed,2026-06-05T22:31:26.718297,
ORD_169940c51ecb,淘宝直播_20260605_80977fc7,TB_4220,SKU2719,淘宝直播,2,784.200687,1568.4,202.46,1365.94,0,shipped,2026-06-05T22:31:26.715237,
ORD_54f5c7506b2e,淘宝直播_20260605_80977fc7,TB_4220,SKU4761,淘宝直播,4,626.338707,2505.35,124.03,2381.32,0,pending,2026-06-05T22:31:26.714586,
ORD_cda1e6b019ef,淘宝直播_20260605_80977fc7,TB_4220,SKU7286,淘宝直播,6,1884.445266,11306.67,1564.94,9741.73,0,shipped,2026-06-05T22:31:26.714329,
ORD_001dd858e94d,淘宝直播_20260605_80977fc7,TB_4220,SKU1479,淘宝直播,6,1718.286914,10309.72,923.26,9386.46,0,completed,2026-06-05T22:31:26.714081,
ORD_b3dbddd3a3c0,淘宝直播_20260605_80977fc7,TB_4220,SKU7171,淘宝直播,8,925.553343,7404.43,155.02,7249.41,0,paid,2026-06-05T22:31:26.713831,
ORD_fe789bf7cf9c,淘宝直播_20260605_80977fc7,TB_4220,SKU3939,淘宝直播,8,1930.775373,15446.2,1763.55,13682.65,0,completed,2026-06-05T22:31:26.713581,
ORD_1e23dde9ecac,淘宝直播_20260605_80977fc7,TB_4220,SKU3111,淘宝直播,1,1456.993204,1456.99,206.57,1250.42,0,shipped,2026-06-05T22:31:26.713324,
ORD_e939f5168cbb,淘宝直播_20260605_80977fc7,TB_4220,SKU6247,淘宝直播,6,775.235445,4651.41,697.72,3953.69,0,paid,2026-06-05T22:31:26.713067,
ORD_0e4597250b27,淘宝直播_20260605_80977fc7,TB_4220,SKU6224,淘宝直播,4,419.813445,1679.25,151.67,1527.58,0,shipped,2026-06-05T22:31:26.712812,
ORD_5e0018778157,淘宝直播_20260605_80977fc7,TB_4220,SKU9626,淘宝直播,2,465.723675,931.45,181.79,749.66,0,completed,2026-06-05T22:31:26.712544,
ORD_d9a8acbca4c8,淘宝直播_20260605_80977fc7,TB_4220,SKU8409,淘宝直播,5,668.077348,3340.39,83.14,3257.25,0,completed,2026-06-05T22:31:26.712291,
ORD_02a232b91b66,淘宝直播_20260605_80977fc7,TB_4220,SKU9890,淘宝直播,5,542.270421,2711.35,274.87,2436.48,0,shipped,2026-06-05T22:31:26.712029,
ORD_3a1786e44df8,淘宝直播_20260605_80977fc7,TB_4220,SKU1341,淘宝直播,5,523.761594,2618.81,447.77,2171.04,0,paid,2026-06-05T22:31:26.711746,
ORD_e55c596c36af,淘宝直播_20260605_80977fc7,TB_4220,SKU2638,淘宝直播,2,1604.282046,3208.56,317.06,2891.5,0,pending,2026-06-05T22:31:26.711452,
ORD_6e8a14c45333,淘宝直播_20260605_80977fc7,TB_4220,SKU8029,淘宝直播,6,1001.278997,6007.67,825.46,5182.21,0,pending,2026-06-05T22:31:26.711178,
ORD_ccea6fcd98a1,淘宝直播_20260605_80977fc7,TB_4220,SKU1421,淘宝直播,2,873.623001,1747.25,320.09,1427.16,0,pending,2026-06-05T22:31:26.710887,
ORD_d3ef23187cbe,淘宝直播_20260605_80977fc7,TB_4220,SKU4299,淘宝直播,4,266.238879,1064.96,24.38,1040.58,0,paid,2026-06-05T22:31:26.710588,
ORD_d8f307acb60b,淘宝直播_20260605_80977fc7,TB_4220,SKU6563,淘宝直播,2,1724.576544,3449.15,417.85,3031.3,0,pending,2026-06-05T22:31:26.710224,
ORD_94d6966670b1,淘宝直播_20260605_0587bf16,TB_6072,SKU7720,淘宝直播,5,1951.013579,9755.07,727.3,9027.77,0,pending,2026-06-05T22:31:26.695504,
ORD_3f35f320eed4,淘宝直播_20260605_0587bf16,TB_6072,SKU3175,淘宝直播,3,1011.155181,3033.47,26.13,3007.34,0,completed,2026-06-05T22:31:26.695080,
ORD_db55d5562396,淘宝直播_20260605_0587bf16,TB_6072,SKU5543,淘宝直播,4,1248.824342,4995.3,620.51,4374.79,0,paid,2026-06-05T22:31:26.694529,
ORD_3c05f17f8605,淘宝直播_20260605_0587bf16,TB_6072,SKU9232,淘宝直播,4,547.606451,2190.43,51,2139.43,0,completed,2026-06-05T22:31:26.694267,
ORD_270a201b0b23,淘宝直播_20260605_0587bf16,TB_6072,SKU8523,淘宝直播,8,1272.617471,10180.94,1558.75,8622.19,0,shipped,2026-06-05T22:31:26.694000,
ORD_44d72359a86d,淘宝直播_20260605_0587bf16,TB_6072,SKU2421,淘宝直播,3,919.952058,2759.86,392.81,2367.05,0,shipped,2026-06-05T22:31:26.693691,
ORD_5a386c509ecf,淘宝直播_20260605_0587bf16,TB_6072,SKU1393,淘宝直播,5,198.164201,990.82,195.65,795.17,0,shipped,2026-06-05T22:31:26.693414,
ORD_ba447da2c018,淘宝直播_20260605_0587bf16,TB_6072,SKU8148,淘宝直播,3,1599.73618,4799.21,112.46,4686.75,0,shipped,2026-06-05T22:31:26.693125,
ORD_b35e19ccadb9,淘宝直播_20260605_0587bf16,TB_6072,SKU7110,淘宝直播,1,1026.059404,1026.06,113.41,912.65,0,pending,2026-06-05T22:31:26.692810,
ORD_495cd398e7a3,淘宝直播_20260605_0587bf16,TB_6072,SKU7705,淘宝直播,1,648.392831,648.39,49.16,599.23,0,pending,2026-06-05T22:31:26.692439,
ORD_1d7e4ea0fa69,淘宝直播_20260605_0587bf16,TB_6072,SKU3758,淘宝直播,4,442.932394,1771.73,94.27,1677.46,0,completed,2026-06-05T22:31:26.692113,
ORD_cfb2f8a08ca4,淘宝直播_20260605_0587bf16,TB_6072,SKU7364,淘宝直播,5,780.436306,3902.18,229.98,3672.2,0,paid,2026-06-05T22:31:26.691836,
ORD_e9b68a873f7b,淘宝直播_20260605_0587bf16,TB_6072,SKU9715,淘宝直播,6,860.693755,5164.16,308.41,4855.75,0,pending,2026-06-05T22:31:26.691565,
ORD_d9a8b3ff6e58,淘宝直播_20260605_0587bf16,TB_6072,SKU2589,淘宝直播,2,903.995802,1807.99,216.95,1591.04,0,completed,2026-06-05T22:31:26.691310,
ORD_ce2ce2f083ef,淘宝直播_20260605_0587bf16,TB_6072,SKU7223,淘宝直播,8,782.180646,6257.45,1016.78,5240.67,0,completed,2026-06-05T22:31:26.691042,
ORD_bb43966ed17a,淘宝直播_20260605_0587bf16,TB_6072,SKU9011,淘宝直播,4,226.990794,907.96,130.42,777.54,0,shipped,2026-06-05T22:31:26.690666,
ORD_4d32cb5e2d07,淘宝直播_20260605_0587bf16,TB_6072,SKU1405,淘宝直播,8,1650.350471,13202.8,2246.67,10956.13,0,shipped,2026-06-05T22:31:26.690182,
ORD_e7d0553dd8f9,淘宝直播_20260605_0587bf16,TB_6072,SKU2928,淘宝直播,8,1078.67824,8629.43,1676.02,6953.41,0,pending,2026-06-05T22:31:26.689933,
ORD_f53b1746065e,淘宝直播_20260605_0587bf16,TB_6072,SKU9784,淘宝直播,1,1278.136498,1278.14,149.82,1128.32,0,shipped,2026-06-05T22:31:26.689678,
ORD_b7b982cdb31c,淘宝直播_20260605_0587bf16,TB_6072,SKU5368,淘宝直播,8,1763.716767,14109.73,1556.12,12553.61,0,paid,2026-06-05T22:31:26.689425,
ORD_b654d8312252,淘宝直播_20260605_0587bf16,TB_6072,SKU8343,淘宝直播,3,1531.876368,4595.63,39.34,4556.29,0,pending,2026-06-05T22:31:26.689169,
ORD_59a86922ccd9,淘宝直播_20260605_0587bf16,TB_6072,SKU4754,淘宝直播,4,1296.015266,5184.06,657.36,4526.7,0,pending,2026-06-05T22:31:26.688908,
ORD_a7e8237c4d39,淘宝直播_20260605_0587bf16,TB_6072,SKU2414,淘宝直播,4,1190.383655,4761.53,334.86,4426.67,0,shipped,2026-06-05T22:31:26.688668,
ORD_929c8b0d877d,淘宝直播_20260605_0587bf16,TB_6072,SKU2052,淘宝直播,5,1423.039408,7115.2,1128.65,5986.55,0,pending,2026-06-05T22:31:26.688422,
ORD_600d89667766,淘宝直播_20260605_0587bf16,TB_6072,SKU6874,淘宝直播,8,989.937948,7919.5,1144.74,6774.76,0,completed,2026-06-05T22:31:26.688179,
ORD_4a967ef6123a,淘宝直播_20260605_0587bf16,TB_6072,SKU4699,淘宝直播,8,1990.369849,15922.96,748.55,15174.41,0,shipped,2026-06-05T22:31:26.687936,
ORD_338db44ea690,淘宝直播_20260605_0587bf16,TB_6072,SKU2037,淘宝直播,4,1417.486725,5669.95,1089.04,4580.91,0,shipped,2026-06-05T22:31:26.687694,
ORD_9757176b54a5,淘宝直播_20260605_0587bf16,TB_6072,SKU6268,淘宝直播,2,1993.860183,3987.72,384.83,3602.89,0,pending,2026-06-05T22:31:26.687432,
ORD_956269e223d4,淘宝直播_20260605_0587bf16,TB_6072,SKU4789,淘宝直播,6,1845.264273,11071.59,1941.68,9129.91,0,pending,2026-06-05T22:31:26.687182,
ORD_f033bb6d5d5a,淘宝直播_20260605_0587bf16,TB_6072,SKU9479,淘宝直播,8,1148.806083,9190.45,56.91,9133.54,0,paid,2026-06-05T22:31:26.686916,
ORD_179193fbf9ca,淘宝直播_20260605_0587bf16,TB_6072,SKU9282,淘宝直播,5,270.747755,1353.74,28.41,1325.33,0,shipped,2026-06-05T22:31:26.686666,
ORD_139fba383b1f,淘宝直播_20260605_0587bf16,TB_6072,SKU6192,淘宝直播,6,789.903938,4739.42,494.45,4244.97,0,pending,2026-06-05T22:31:26.686419,
ORD_9b5b5d5678b4,淘宝直播_20260605_0587bf16,TB_6072,SKU4401,淘宝直播,2,1795.704029,3591.41,531.7,3059.71,0,completed,2026-06-05T22:31:26.686177,
ORD_157526e93ebb,淘宝直播_20260605_0587bf16,TB_6072,SKU4963,淘宝直播,1,1927.629539,1927.63,369.39,1558.24,0,paid,2026-06-05T22:31:26.685929,
ORD_87131dfffd6f,淘宝直播_20260605_0587bf16,TB_6072,SKU1806,淘宝直播,3,1084.465784,3253.4,77.43,3175.97,0,paid,2026-06-05T22:31:26.685683,
ORD_ae2becb6de2b,淘宝直播_20260605_0587bf16,TB_6072,SKU7096,淘宝直播,5,1354.776807,6773.88,425.85,6348.03,0,paid,2026-06-05T22:31:26.685419,
ORD_0143ff867fb9,淘宝直播_20260605_0587bf16,TB_6072,SKU3011,淘宝直播,2,1569.552442,3139.1,518.03,2621.07,0,paid,2026-06-05T22:31:26.685169,
ORD_ac421629e6dd,淘宝直播_20260605_0587bf16,TB_6072,SKU1670,淘宝直播,8,1178.863809,9430.91,815.46,8615.45,0,paid,2026-06-05T22:31:26.684927,
ORD_3f7d8fca04b7,淘宝直播_20260605_0587bf16,TB_6072,SKU4669,淘宝直播,2,1756.921492,3513.84,518.07,2995.77,0,pending,2026-06-05T22:31:26.684678,
ORD_151052818d57,淘宝直播_20260605_0587bf16,TB_6072,SKU6893,淘宝直播,2,959.892321,1919.78,314.55,1605.23,0,pending,2026-06-05T22:31:26.684421,
ORD_307d30b31d73,淘宝直播_20260605_0587bf16,TB_6072,SKU5586,淘宝直播,3,720.833135,2162.5,339.09,1823.41,0,paid,2026-06-05T22:31:26.684169,
ORD_1f84640578e1,淘宝直播_20260605_0587bf16,TB_6072,SKU3652,淘宝直播,1,1630.67164,1630.67,307.32,1323.35,0,shipped,2026-06-05T22:31:26.683917,
ORD_c883ad505d8a,淘宝直播_20260605_0587bf16,TB_6072,SKU7758,淘宝直播,1,887.809446,887.81,95.99,791.82,0,pending,2026-06-05T22:31:26.683651,
ORD_e001e11f0a49,淘宝直播_20260605_0587bf16,TB_6072,SKU9434,淘宝直播,5,1695.712353,8478.56,439.23,8039.33,0,pending,2026-06-05T22:31:26.683355,
ORD_800d1c31a3d7,淘宝直播_20260605_0587bf16,TB_6072,SKU6903,淘宝直播,4,585.805729,2343.22,463.64,1879.58,0,paid,2026-06-05T22:31:26.683030,
ORD_6c158a9f62bf,淘宝直播_20260605_0587bf16,TB_6072,SKU6813,淘宝直播,2,273.753069,547.51,102.77,444.74,0,completed,2026-06-05T22:31:26.682567,
ORD_0a8f05d52966,淘宝直播_20260605_0587bf16,TB_6072,SKU3812,淘宝直播,7,1484.1642,10389.15,1512.14,8877.01,0,paid,2026-06-05T22:31:26.681811,
ORD_691d690868c3,淘宝直播_20260605_0587bf16,TB_6072,SKU1973,淘宝直播,8,1845.432453,14763.46,1158.72,13604.74,0,pending,2026-06-05T22:31:26.681550,
ORD_2acbae2bfba7,淘宝直播_20260605_0587bf16,TB_6072,SKU2947,淘宝直播,1,308.380643,308.38,36.77,271.61,0,shipped,2026-06-05T22:31:26.681292,
ORD_a823723aaf91,淘宝直播_20260605_0587bf16,TB_6072,SKU5603,淘宝直播,2,1696.059605,3392.12,316.27,3075.85,0,pending,2026-06-05T22:31:26.681033,
ORD_9edb907259bb,淘宝直播_20260605_0587bf16,TB_6072,SKU7110,淘宝直播,7,379.536858,2656.76,347.32,2309.44,0,paid,2026-06-05T22:31:26.680757,
ORD_455f0725ae79,淘宝直播_20260605_0587bf16,TB_6072,SKU2723,淘宝直播,5,304.251882,1521.26,239.56,1281.7,0,pending,2026-06-05T22:31:26.680446,
ORD_8374b2c01e9f,淘宝直播_20260605_0587bf16,TB_6072,SKU1112,淘宝直播,7,51.1134,357.79,2.65,355.14,0,paid,2026-06-05T22:31:26.680022,
ORD_ce07a5f72e44,淘宝直播_20260605_0587bf16,TB_6072,SKU8536,淘宝直播,7,1314.813462,9203.69,1785.84,7417.85,0,pending,2026-06-05T22:31:26.679534,
ORD_f47b56444063,淘宝直播_20260605_0587bf16,TB_6072,SKU4714,淘宝直播,1,1418.822017,1418.82,45.67,1373.15,0,paid,2026-06-05T22:31:26.679243,
ORD_e0be62e7fae3,淘宝直播_20260605_0587bf16,TB_6072,SKU8450,淘宝直播,3,1474.452256,4423.36,629.13,3794.23,0,completed,2026-06-05T22:31:26.678926,
ORD_f7360dac40b1,淘宝直播_20260605_0587bf16,TB_6072,SKU2862,淘宝直播,1,306.579063,306.58,57.16,249.42,0,shipped,2026-06-05T22:31:26.678492,
ORD_2a2dcbbe9630,淘宝直播_20260605_0587bf16,TB_6072,SKU7702,淘宝直播,6,708.258714,4249.55,179.39,4070.16,0,completed,2026-06-05T22:31:26.677793,
ORD_bdc8356cedd4,淘宝直播_20260605_0587bf16,TB_6072,SKU2261,淘宝直播,8,1672.925535,13383.4,1006.8,12376.6,0,shipped,2026-06-05T22:31:26.677518,
ORD_8c7bc4c87897,淘宝直播_20260605_0587bf16,TB_6072,SKU4641,淘宝直播,8,1495.357932,11962.86,2061.02,9901.84,0,shipped,2026-06-05T22:31:26.677232,
ORD_28976e6e163a,淘宝直播_20260605_0587bf16,TB_6072,SKU8239,淘宝直播,2,546.837076,1093.67,159.24,934.43,0,paid,2026-06-05T22:31:26.676935,
ORD_d3063d0bd9f1,淘宝直播_20260605_0587bf16,TB_6072,SKU9062,淘宝直播,2,989.074978,1978.15,130.18,1847.97,0,pending,2026-06-05T22:31:26.676615,
ORD_b957994a0219,淘宝直播_20260605_0587bf16,TB_6072,SKU2940,淘宝直播,5,364.763834,1823.82,167.7,1656.12,0,shipped,2026-06-05T22:31:26.676200,
ORD_d00f187cf0e7,淘宝直播_20260605_0587bf16,TB_6072,SKU3066,淘宝直播,2,1093.612076,2187.22,69.54,2117.68,0,completed,2026-06-05T22:31:26.675808,
ORD_a540835386b6,淘宝直播_20260605_0587bf16,TB_6072,SKU5995,淘宝直播,6,416.042873,2496.26,378.65,2117.61,0,completed,2026-06-05T22:31:26.675524,
ORD_9674ed586abb,淘宝直播_20260605_0587bf16,TB_6072,SKU5294,淘宝直播,8,890.352094,7122.82,782.67,6340.15,0,paid,2026-06-05T22:31:26.675220,
ORD_fa501a072221,淘宝直播_20260605_0587bf16,TB_6072,SKU9348,淘宝直播,6,164.488542,986.93,171.88,815.05,0,pending,2026-06-05T22:31:26.674850,
ORD_6776c6e83821,淘宝直播_20260605_0587bf16,TB_6072,SKU8400,淘宝直播,4,545.075961,2180.3,133.22,2047.08,0,pending,2026-06-05T22:31:26.674318,
ORD_160b3c82bd2e,淘宝直播_20260605_0587bf16,TB_6072,SKU7952,淘宝直播,4,175.347346,701.39,137.71,563.68,0,paid,2026-06-05T22:31:26.673358,
ORD_f6cd405d7c3e,淘宝直播_20260605_0587bf16,TB_6072,SKU7038,淘宝直播,2,1808.10576,3616.21,277.06,3339.15,0,completed,2026-06-05T22:31:26.673078,
ORD_a6cd86e5a014,淘宝直播_20260605_0587bf16,TB_6072,SKU2923,淘宝直播,6,1849.005196,11094.03,331.83,10762.2,0,paid,2026-06-05T22:31:26.672790,
ORD_f224b07d0cdd,淘宝直播_20260605_0587bf16,TB_6072,SKU9545,淘宝直播,4,1873.860739,7495.44,796.36,6699.08,0,paid,2026-06-05T22:31:26.672485,
ORD_1c6ce7c1160b,淘宝直播_20260605_0587bf16,TB_6072,SKU1709,淘宝直播,5,1573.396356,7866.98,1393.85,6473.13,0,completed,2026-06-05T22:31:26.672140,
ORD_c1878a01f86d,淘宝直播_20260605_0587bf16,TB_6072,SKU1580,淘宝直播,5,259.540596,1297.7,143.44,1154.26,0,pending,2026-06-05T22:31:26.671738,
ORD_3893ed8797b3,快手_20260605_1cec41e0,KS_2863,SKU1687,快手,2,542.206874,1084.41,84.48,999.93,0,pending,2026-06-05T22:31:26.660432,
ORD_3e8cc7c01b42,快手_20260605_1cec41e0,KS_2863,SKU1399,快手,2,742.610145,1485.22,153.82,1331.4,0,pending,2026-06-05T22:31:26.660160,
ORD_7bf1cc332c3a,快手_20260605_1cec41e0,KS_2863,SKU3267,快手,3,193.571464,580.71,47.5,533.21,0,pending,2026-06-05T22:31:26.659893,
ORD_08ee3305aa19,快手_20260605_1cec41e0,KS_2863,SKU8352,快手,2,340.322919,680.65,33.14,647.51,0,shipped,2026-06-05T22:31:26.659622,
ORD_9d957ab7fefb,快手_20260605_1cec41e0,KS_2863,SKU5788,快手,4,817.72381,3270.9,351.32,2919.58,0,shipped,2026-06-05T22:31:26.659334,
ORD_e7481a52a21a,快手_20260605_1cec41e0,KS_2863,SKU2918,快手,4,778.183872,3112.74,173.8,2938.94,0,paid,2026-06-05T22:31:26.659033,
ORD_173c2f57da54,快手_20260605_1cec41e0,KS_2863,SKU6343,快手,2,428.345915,856.69,11.13,845.56,0,pending,2026-06-05T22:31:26.658628,
ORD_02ff4deaedcb,快手_20260605_1cec41e0,KS_2863,SKU8368,快手,2,493.490964,986.98,59.57,927.41,0,pending,2026-06-05T22:31:26.658161,
ORD_5ecab5d1be8d,快手_20260605_1cec41e0,KS_2863,SKU3924,快手,2,642.590139,1285.18,81.42,1203.76,0,shipped,2026-06-05T22:31:26.657806,
ORD_83ac723ffb33,快手_20260605_1cec41e0,KS_2863,SKU5933,快手,3,345.805831,1037.42,63.27,974.15,0,pending,2026-06-05T22:31:26.657196,
ORD_9fe0d43ca827,快手_20260605_1cec41e0,KS_2863,SKU4598,快手,5,376.111895,1880.56,53.58,1826.98,0,completed,2026-06-05T22:31:26.656389,
ORD_074b63b18e76,快手_20260605_1cec41e0,KS_2863,SKU3898,快手,4,551.80314,2207.21,262.19,1945.02,0,paid,2026-06-05T22:31:26.655914,
ORD_85f85b39175a,快手_20260605_1cec41e0,KS_2863,SKU1120,快手,1,458.770141,458.77,6.26,452.51,0,paid,2026-06-05T22:31:26.655655,
ORD_2ab9d17c2aac,快手_20260605_1cec41e0,KS_2863,SKU2312,快手,1,574.560643,574.56,39.07,535.49,0,paid,2026-06-05T22:31:26.655403,
ORD_c9f8bfa7090d,快手_20260605_1cec41e0,KS_2863,SKU1199,快手,1,825.926411,825.93,94.89,731.04,0,paid,2026-06-05T22:31:26.655150,
ORD_5b7afcb8fae9,快手_20260605_1cec41e0,KS_2863,SKU4544,快手,5,834.056211,4170.28,448.97,3721.31,0,shipped,2026-06-05T22:31:26.654890,
ORD_16825b37f0bb,快手_20260605_1cec41e0,KS_2863,SKU6970,快手,5,871.341792,4356.71,200.5,4156.21,0,completed,2026-06-05T22:31:26.654612,
ORD_e9b69d7d760a,快手_20260605_1cec41e0,KS_2863,SKU6156,快手,3,836.391489,2509.17,104.19,2404.98,0,completed,2026-06-05T22:31:26.654340,
ORD_4d8bdf7e9093,快手_20260605_1cec41e0,KS_2863,SKU8851,快手,3,264.881062,794.64,63.65,730.99,0,paid,2026-06-05T22:31:26.654016,
ORD_c526a6612860,快手_20260605_1cec41e0,KS_2863,SKU4532,快手,3,64.946783,194.84,6.83,188.01,0,shipped,2026-06-05T22:31:26.653538,
ORD_6aa97101c057,快手_20260605_1cec41e0,KS_2863,SKU1473,快手,4,528.336463,2113.35,54.83,2058.52,0,completed,2026-06-05T22:31:26.652852,
ORD_34b6927f8d70,快手_20260605_1cec41e0,KS_2863,SKU8213,快手,2,259.774055,519.55,45.04,474.51,0,completed,2026-06-05T22:31:26.652528,
ORD_609649a490df,快手_20260605_25567719,KS_1248,SKU9612,快手,5,183.946062,919.73,63.62,856.11,0,paid,2026-06-05T22:31:26.642401,
ORD_02717873f448,快手_20260605_25567719,KS_1248,SKU5036,快手,2,764.560761,1529.12,93.69,1435.43,0,shipped,2026-06-05T22:31:26.642142,
ORD_e7fa42949140,快手_20260605_25567719,KS_1248,SKU6940,快手,3,127.86739,383.6,6.18,377.42,0,shipped,2026-06-05T22:31:26.641822,
ORD_0022d1b3ccc2,快手_20260605_25567719,KS_1248,SKU1379,快手,2,539.247322,1078.49,10.76,1067.73,0,shipped,2026-06-05T22:31:26.641555,
ORD_688613496cd4,快手_20260605_25567719,KS_1248,SKU6006,快手,5,729.72521,3648.63,41.47,3607.16,0,shipped,2026-06-05T22:31:26.641262,
ORD_6086e0a2a80c,快手_20260605_25567719,KS_1248,SKU5599,快手,3,253.191685,759.58,28.96,730.62,0,paid,2026-06-05T22:31:26.640856,
ORD_ea27fb3ea8a4,快手_20260605_25567719,KS_1248,SKU1131,快手,4,398.814433,1595.26,48.81,1546.45,0,paid,2026-06-05T22:31:26.640018,
ORD_1916541c88db,快手_20260605_25567719,KS_1248,SKU8019,快手,4,842.088047,3368.35,355.8,3012.55,0,completed,2026-06-05T22:31:26.639770,
ORD_def58a59f6bc,快手_20260605_25567719,KS_1248,SKU8547,快手,2,346.682254,693.36,83.04,610.32,0,pending,2026-06-05T22:31:26.639518,
ORD_f0af58d7c9bf,快手_20260605_25567719,KS_1248,SKU8281,快手,2,197.589127,395.18,32.54,362.64,0,paid,2026-06-05T22:31:26.639257,
ORD_1b152c2e1574,快手_20260605_25567719,KS_1248,SKU2970,快手,4,68.023143,272.09,30.92,241.17,0,pending,2026-06-05T22:31:26.638985,
ORD_b418c3820728,快手_20260605_25567719,KS_1248,SKU3940,快手,2,517.011962,1034.02,56.97,977.05,0,pending,2026-06-05T22:31:26.638711,
ORD_9ec42867f29b,快手_20260605_25567719,KS_1248,SKU5054,快手,4,640.652582,2562.61,81.36,2481.25,0,shipped,2026-06-05T22:31:26.638430,
ORD_f656d9f244b3,快手_20260605_25567719,KS_1248,SKU4786,快手,2,678.684525,1357.37,35.48,1321.89,0,pending,2026-06-05T22:31:26.638097,
ORD_3488adbe4a45,快手_20260605_25567719,KS_1248,SKU9351,快手,3,848.907901,2546.72,181.79,2364.93,0,pending,2026-06-05T22:31:26.637766,
ORD_bf375a7696fa,快手_20260605_25567719,KS_1248,SKU2604,快手,3,236.915802,710.75,46.16,664.59,0,paid,2026-06-05T22:31:26.637502,
ORD_cbccfffc62c3,快手_20260605_25567719,KS_1248,SKU6219,快手,1,385.611594,385.61,18.27,367.34,0,completed,2026-06-05T22:31:26.637239,
ORD_f3eb791e8cfd,快手_20260605_25567719,KS_1248,SKU4414,快手,4,777.099195,3108.4,161.84,2946.56,0,pending,2026-06-05T22:31:26.636979,
ORD_0ccf08d765b0,快手_20260605_25567719,KS_1248,SKU5329,快手,2,617.012206,1234.02,115.5,1118.52,0,pending,2026-06-05T22:31:26.636713,
ORD_0673d4104fad,快手_20260605_25567719,KS_1248,SKU4473,快手,2,106.125472,212.25,17.81,194.44,0,completed,2026-06-05T22:31:26.636423,
ORD_5c871e155dd6,快手_20260605_25567719,KS_1248,SKU4720,快手,4,545.92451,2183.7,130.28,2053.42,0,paid,2026-06-05T22:31:26.636114,
ORD_8eb704c008f0,快手_20260605_25567719,KS_1248,SKU6241,快手,3,159.72219,479.17,38.74,440.43,0,shipped,2026-06-05T22:31:26.635753,
ORD_446af1a02f73,快手_20260605_25567719,KS_1248,SKU2647,快手,2,243.535616,487.07,5.61,481.46,0,pending,2026-06-05T22:31:26.635262,
ORD_93f10eb405af,快手_20260605_25567719,KS_1248,SKU7962,快手,5,512.16044,2560.8,254.76,2306.04,0,paid,2026-06-05T22:31:26.634914,
ORD_8a5660436e14,快手_20260605_25567719,KS_1248,SKU8755,快手,4,83.453179,333.81,30.89,302.92,0,completed,2026-06-05T22:31:26.634365,
ORD_982116eac1ae,快手_20260605_25567719,KS_1248,SKU4204,快手,1,635.327122,635.33,12.6,622.73,0,shipped,2026-06-05T22:31:26.634020,
ORD_9654fac5073a,快手_20260605_25567719,KS_1248,SKU8080,快手,3,398.004079,1194.01,120.78,1073.23,0,paid,2026-06-05T22:31:26.633727,
ORD_101c4a50b2ac,快手_20260605_25567719,KS_1248,SKU7080,快手,3,217.299091,651.9,12.89,639.01,0,shipped,2026-06-05T22:31:26.633407,
ORD_8dbc5730e035,快手_20260605_25567719,KS_1248,SKU8058,快手,2,133.243411,266.49,21.11,245.38,0,completed,2026-06-05T22:31:26.633010,
ORD_df7df5fa0f26,快手_20260605_25567719,KS_1248,SKU7673,快手,1,129.863833,129.86,3.06,126.8,0,paid,2026-06-05T22:31:26.632519,
ORD_f0fc68a6b7e2,抖音_20260605_c25af270,DY_6058,SKU2286,抖音,4,238.472775,953.89,24.48,929.41,0,pending,2026-06-05T22:31:26.621290,
ORD_606fad41db5d,抖音_20260605_c25af270,DY_6058,SKU1279,抖音,5,110.303671,551.52,4.75,546.77,0,shipped,2026-06-05T22:31:26.620996,
ORD_3e1cad21d9db,抖音_20260605_c25af270,DY_6058,SKU1835,抖音,2,601.877464,1203.75,148.17,1055.58,0,completed,2026-06-05T22:31:26.620614,
ORD_9630644e3604,抖音_20260605_c25af270,DY_6058,SKU7261,抖音,2,378.7445,757.49,86.02,671.47,0,paid,2026-06-05T22:31:26.620152,
ORD_50fcfce2272e,抖音_20260605_c25af270,DY_6058,SKU2446,抖音,5,56.973474,284.87,23.42,261.45,0,shipped,2026-06-05T22:31:26.619761,
ORD_4592f8498479,抖音_20260605_c25af270,DY_6058,SKU6723,抖音,3,935.236728,2805.71,77.41,2728.3,0,shipped,2026-06-05T22:31:26.619117,
ORD_2afea708d831,抖音_20260605_c25af270,DY_6058,SKU3842,抖音,1,799.165835,799.17,29.52,769.65,0,paid,2026-06-05T22:31:26.618852,
ORD_aa004691af7c,抖音_20260605_c25af270,DY_6058,SKU7536,抖音,4,762.168537,3048.67,444.08,2604.59,0,pending,2026-06-05T22:31:26.618586,
ORD_74811f7ec18b,抖音_20260605_c25af270,DY_6058,SKU6668,抖音,5,237.294133,1186.47,148.98,1037.49,0,shipped,2026-06-05T22:31:26.618329,
ORD_b91c64731f8d,抖音_20260605_c25af270,DY_6058,SKU5890,抖音,2,960.472272,1920.94,139.88,1781.06,0,shipped,2026-06-05T22:31:26.618067,
ORD_5d0669e6d0b3,抖音_20260605_c25af270,DY_6058,SKU1816,抖音,3,120.209341,360.63,3.57,357.06,0,shipped,2026-06-05T22:31:26.617799,
ORD_196b5a9b4f40,抖音_20260605_c25af270,DY_6058,SKU1916,抖音,5,147.853522,739.27,14.25,725.02,0,paid,2026-06-05T22:31:26.617534,
ORD_a35d233eae71,抖音_20260605_c25af270,DY_6058,SKU9668,抖音,1,109.433959,109.43,13.23,96.2,0,completed,2026-06-05T22:31:26.617258,
ORD_5b0227781156,抖音_20260605_c25af270,DY_6058,SKU6269,抖音,2,159.616144,319.23,33.42,285.81,0,completed,2026-06-05T22:31:26.616967,
ORD_beeac512bdbb,抖音_20260605_c25af270,DY_6058,SKU8628,抖音,2,795.410595,1590.82,136.8,1454.02,0,completed,2026-06-05T22:31:26.616634,
ORD_f8758ec6272f,抖音_20260605_c25af270,DY_6058,SKU3509,抖音,3,850.826813,2552.48,359.47,2193.01,0,shipped,2026-06-05T22:31:26.615974,
ORD_3dda50f808b6,抖音_20260605_c25af270,DY_6058,SKU7234,抖音,1,32.773615,32.77,1.48,31.29,0,pending,2026-06-05T22:31:26.615258,
ORD_6997c9cfd9ee,抖音_20260605_c25af270,DY_6058,SKU8464,抖音,5,146.862055,734.31,88.98,645.33,0,paid,2026-06-05T22:31:26.615002,
ORD_1626be2be6bf,抖音_20260605_c25af270,DY_6058,SKU6283,抖音,1,336.679786,336.68,12.95,323.73,0,pending,2026-06-05T22:31:26.614747,
ORD_87b4cc34e831,抖音_20260605_c25af270,DY_6058,SKU7780,抖音,2,877.654693,1755.31,170.78,1584.53,0,shipped,2026-06-05T22:31:26.614483,
ORD_cf751e086b9c,抖音_20260605_c25af270,DY_6058,SKU8223,抖音,2,136.966894,273.93,3.65,270.28,0,shipped,2026-06-05T22:31:26.614229,
ORD_79167ff77df3,抖音_20260605_c25af270,DY_6058,SKU9876,抖音,5,349.600018,1748,209.9,1538.1,0,shipped,2026-06-05T22:31:26.613975,
ORD_378cf8de72a2,抖音_20260605_c25af270,DY_6058,SKU2142,抖音,2,528.622833,1057.25,128.35,928.9,0,shipped,2026-06-05T22:31:26.613720,
ORD_39a2b17d177f,抖音_20260605_c25af270,DY_6058,SKU1009,抖音,3,630.605882,1891.82,254.58,1637.24,0,pending,2026-06-05T22:31:26.613465,
ORD_7796b3ed4320,抖音_20260605_c25af270,DY_6058,SKU9914,抖音,1,415.96719,415.97,20.78,395.19,0,completed,2026-06-05T22:31:26.613220,
ORD_4b63b2d029ff,抖音_20260605_c25af270,DY_6058,SKU4670,抖音,5,691.946856,3459.73,17.56,3442.17,0,paid,2026-06-05T22:31:26.612968,
ORD_2ad37b42799a,抖音_20260605_c25af270,DY_6058,SKU9408,抖音,3,214.922122,644.77,38.63,606.14,0,paid,2026-06-05T22:31:26.612716,
ORD_fb53031e0886,抖音_20260605_c25af270,DY_6058,SKU6384,抖音,3,451.823427,1355.47,31.58,1323.89,0,paid,2026-06-05T22:31:26.612452,
ORD_3f42020e5d6e,抖音_20260605_c25af270,DY_6058,SKU5445,抖音,5,555.627795,2778.14,275.82,2502.32,0,shipped,2026-06-05T22:31:26.612196,
ORD_c16543fb6356,抖音_20260605_c25af270,DY_6058,SKU2121,抖音,4,782.559399,3130.24,283.88,2846.36,0,pending,2026-06-05T22:31:26.611936,
ORD_5455a86689f3,抖音_20260605_c25af270,DY_6058,SKU5588,抖音,1,399.038732,399.04,33.13,365.91,0,completed,2026-06-05T22:31:26.611678,
ORD_2c261c8e232b,抖音_20260605_c25af270,DY_6058,SKU3999,抖音,2,285.799356,571.6,53.33,518.27,0,completed,2026-06-05T22:31:26.611415,
ORD_1ac8e8a3a29f,抖音_20260605_c25af270,DY_6058,SKU9860,抖音,4,323.60147,1294.41,90.27,1204.14,0,shipped,2026-06-05T22:31:26.611135,
ORD_cac7e8f1291e,抖音_20260605_c25af270,DY_6058,SKU5203,抖音,2,572.055425,1144.11,137.29,1006.82,0,shipped,2026-06-05T22:31:26.610822,
ORD_827afe72a9d5,抖音_20260605_c25af270,DY_6058,SKU4371,抖音,1,879.827259,879.83,114.56,765.27,0,pending,2026-06-05T22:31:26.610421,
ORD_2abb3d9cf8c2,抖音_20260605_c25af270,DY_6058,SKU1478,抖音,1,102.079424,102.08,7.61,94.47,0,shipped,2026-06-05T22:31:26.610145,
ORD_7e6f4ee10195,抖音_20260605_c25af270,DY_6058,SKU8522,抖音,5,289.881196,1449.41,128.87,1320.54,0,pending,2026-06-05T22:31:26.609882,
ORD_a79a5bb83e69,抖音_20260605_c25af270,DY_6058,SKU8664,抖音,2,141.112449,282.22,34.23,247.99,0,shipped,2026-06-05T22:31:26.609627,
ORD_02f416e02258,抖音_20260605_c25af270,DY_6058,SKU4846,抖音,4,223.066937,892.27,24.11,868.16,0,shipped,2026-06-05T22:31:26.609356,
ORD_51da7f9e72a3,抖音_20260605_c25af270,DY_6058,SKU7985,抖音,2,321.848051,643.7,78.98,564.72,0,paid,2026-06-05T22:31:26.608939,
ORD_7cca19c9361d,抖音_20260605_c25af270,DY_6058,SKU9299,抖音,2,814.630334,1629.26,161.94,1467.32,0,completed,2026-06-05T22:31:26.608651,
ORD_ebcd3bae4cf0,抖音_20260605_c25af270,DY_6058,SKU4115,抖音,5,419.064852,2095.32,246.86,1848.46,0,paid,2026-06-05T22:31:26.608331,
ORD_bee7ac043370,抖音_20260605_c25af270,DY_6058,SKU4657,抖音,4,350.216066,1400.86,127.7,1273.16,0,shipped,2026-06-05T22:31:26.607767,
ORD_3176ce8cbc97,抖音_20260605_c25af270,DY_6058,SKU8386,抖音,2,272.052502,544.11,40.29,503.82,0,paid,2026-06-05T22:31:26.606924,
ORD_6af0574cd70b,抖音_20260605_c25af270,DY_6058,SKU2337,抖音,2,698.176627,1396.35,54.37,1341.98,0,completed,2026-06-05T22:31:26.606585,
ORD_22712021e13c,抖音_20260605_c25af270,DY_6058,SKU7722,抖音,5,690.307409,3451.54,345.9,3105.64,0,pending,2026-06-05T22:31:26.606147,
ORD_c574617d0041,抖音_20260605_c25af270,DY_6058,SKU7534,抖音,2,576.794986,1153.59,53.12,1100.47,0,completed,2026-06-05T22:31:26.605900,
ORD_31a3452c5fd5,抖音_20260605_c25af270,DY_6058,SKU1069,抖音,1,487.041192,487.04,4.92,482.12,0,shipped,2026-06-05T22:31:26.605657,
ORD_2261e028a1ca,抖音_20260605_c25af270,DY_6058,SKU8488,抖音,2,624.06365,1248.13,71.58,1176.55,0,completed,2026-06-05T22:31:26.605415,
ORD_f76f9e1766e6,抖音_20260605_c25af270,DY_6058,SKU7466,抖音,2,489.313275,978.63,92.62,886.01,0,pending,2026-06-05T22:31:26.605167,
ORD_b065a204dc69,抖音_20260605_c25af270,DY_6058,SKU1796,抖音,1,170.243169,170.24,4.32,165.92,0,pending,2026-06-05T22:31:26.604917,
ORD_a8ec928172eb,抖音_20260605_c25af270,DY_6058,SKU6143,抖音,4,221.952458,887.81,107.53,780.28,0,paid,2026-06-05T22:31:26.604675,
ORD_530366d20675,抖音_20260605_c25af270,DY_6058,SKU8094,抖音,5,390.266467,1951.33,9.49,1941.84,0,shipped,2026-06-05T22:31:26.604430,
ORD_e36350d99c7a,抖音_20260605_c25af270,DY_6058,SKU9238,抖音,2,63.894862,127.79,10.9,116.89,0,pending,2026-06-05T22:31:26.604174,
ORD_fcb8ee70c142,抖音_20260605_c25af270,DY_6058,SKU8778,抖音,4,665.616728,2662.47,101.67,2560.8,0,pending,2026-06-05T22:31:26.603916,
ORD_c0830af2eed5,抖音_20260605_c25af270,DY_6058,SKU3659,抖音,2,43.30092,86.6,2.75,83.85,0,completed,2026-06-05T22:31:26.603650,
ORD_7e959716b3a8,抖音_20260605_c25af270,DY_6058,SKU6139,抖音,5,888.149937,4440.75,199.1,4241.65,0,completed,2026-06-05T22:31:26.603392,
ORD_ea4d8e8065c9,抖音_20260605_c25af270,DY_6058,SKU6566,抖音,5,117.471221,587.36,70.52,516.84,0,pending,2026-06-05T22:31:26.603141,
ORD_97ab2e6aaf10,抖音_20260605_c25af270,DY_6058,SKU3574,抖音,1,226.929595,226.93,33.69,193.24,0,shipped,2026-06-05T22:31:26.602879,
ORD_294537863b7a,抖音_20260605_c25af270,DY_6058,SKU4194,抖音,1,597.039747,597.04,19.11,577.93,0,completed,2026-06-05T22:31:26.602620,
ORD_d4d140d3995a,抖音_20260605_c25af270,DY_6058,SKU9024,抖音,3,284.820275,854.46,103.86,750.6,0,paid,2026-06-05T22:31:26.602363,
ORD_84c498b47c7f,抖音_20260605_c25af270,DY_6058,SKU9140,抖音,5,65.204556,326.02,32.3,293.72,0,shipped,2026-06-05T22:31:26.602107,
ORD_0b1ce10b33a0,抖音_20260605_c25af270,DY_6058,SKU8718,抖音,5,502.365284,2511.83,129.22,2382.61,0,paid,2026-06-05T22:31:26.601852,
ORD_f05427c491a7,抖音_20260605_c25af270,DY_6058,SKU3550,抖音,1,683.244525,683.24,33.42,649.82,0,completed,2026-06-05T22:31:26.601582,
ORD_235bbaca7dbe,抖音_20260605_c25af270,DY_6058,SKU5439,抖音,5,94.11647,470.58,8.87,461.71,0,completed,2026-06-05T22:31:26.601321,
ORD_27d5b42323ae,抖音_20260605_c25af270,DY_6058,SKU3080,抖音,1,962.669365,962.67,39.19,923.48,0,pending,2026-06-05T22:31:26.601055,
ORD_729aaaa2f29b,抖音_20260605_c25af270,DY_6058,SKU1690,抖音,1,854.790629,854.79,111.94,742.85,0,paid,2026-06-05T22:31:26.600789,
ORD_205cd512288d,抖音_20260605_c25af270,DY_6058,SKU8864,抖音,5,814.465375,4072.33,514.23,3558.1,0,completed,2026-06-05T22:31:26.600514,
ORD_7cd906a0b200,抖音_20260605_c25af270,DY_6058,SKU4095,抖音,5,257.309275,1286.55,44.79,1241.76,0,completed,2026-06-05T22:31:26.600215,
ORD_5364f2ead3bd,抖音_20260605_c25af270,DY_6058,SKU3156,抖音,1,592.477199,592.48,87.65,504.83,0,pending,2026-06-05T22:31:26.599884,
ORD_bf3280831e79,抖音_20260605_c25af270,DY_6058,SKU8802,抖音,3,341.188872,1023.57,126.59,896.98,0,completed,2026-06-05T22:31:26.599460,
ORD_177dafcf0a02,抖音_20260605_c25af270,DY_6058,SKU9288,抖音,1,635.188537,635.19,16.66,618.53,0,paid,2026-06-05T22:31:26.598574,
ORD_5540275e9431,抖音_20260605_c25af270,DY_6058,SKU2534,抖音,4,466.594086,1866.38,48.85,1817.53,0,paid,2026-06-05T22:31:26.598322,
ORD_7c5c49ada6ab,抖音_20260605_c25af270,DY_6058,SKU4679,抖音,5,260.913955,1304.57,84.54,1220.03,0,completed,2026-06-05T22:31:26.598054,
ORD_63499b4b0bb0,抖音_20260605_c25af270,DY_6058,SKU4679,抖音,5,896.436888,4482.18,463.46,4018.72,0,completed,2026-06-05T22:31:26.597778,
ORD_ef3a57ef00fa,抖音_20260605_c25af270,DY_6058,SKU2018,抖音,1,101.535934,101.54,15.02,86.52,0,completed,2026-06-05T22:31:26.597482,
ORD_f1924d4ca253,抖音_20260605_c25af270,DY_6058,SKU6094,抖音,2,113.491757,226.98,19.45,207.53,0,paid,2026-06-05T22:31:26.597198,
ORD_fce5daff4ca8,抖音_20260605_c25af270,DY_6058,SKU6358,抖音,3,319.484573,958.45,49.61,908.84,0,completed,2026-06-05T22:31:26.596868,
ORD_93eb1aa14072,抖音_20260605_c25af270,DY_6058,SKU1845,抖音,1,737.591258,737.59,51.32,686.27,0,pending,2026-06-05T22:31:26.596477,
ORD_3f178cb9e28a,抖音_20260605_b48735c2,DY_6194,SKU7291,抖音,5,685.493308,3427.47,2.85,3424.62,0,completed,2026-06-05T22:31:26.584902,
ORD_59fcbf5f114e,抖音_20260605_b48735c2,DY_6194,SKU6555,抖音,1,315.838657,315.84,45.34,270.5,0,paid,2026-06-05T22:31:26.584644,
ORD_8f42ed6e2d84,抖音_20260605_b48735c2,DY_6194,SKU9297,抖音,5,803.292368,4016.46,57.69,3958.77,0,completed,2026-06-05T22:31:26.584379,
ORD_ed04a03cbeac,抖音_20260605_b48735c2,DY_6194,SKU5798,抖音,1,75.618714,75.62,9.83,65.79,0,completed,2026-06-05T22:31:26.584116,
ORD_9f7205792091,抖音_20260605_b48735c2,DY_6194,SKU7357,抖音,2,61.721545,123.44,1.64,121.8,0,shipped,2026-06-05T22:31:26.583839,
ORD_541c1c74196d,抖音_20260605_b48735c2,DY_6194,SKU8901,抖音,3,235.303615,705.91,79.01,626.9,0,shipped,2026-06-05T22:31:26.583477,
ORD_f719e8205ab6,抖音_20260605_b48735c2,DY_6194,SKU2377,抖音,1,320.821891,320.82,24.36,296.46,0,shipped,2026-06-05T22:31:26.582820,
ORD_8756ab91c7e4,抖音_20260605_b48735c2,DY_6194,SKU5435,抖音,5,573.295013,2866.48,372.53,2493.95,0,completed,2026-06-05T22:31:26.581841,
ORD_78c70363526e,抖音_20260605_b48735c2,DY_6194,SKU9235,抖音,3,133.27563,399.83,55.55,344.28,0,shipped,2026-06-05T22:31:26.581598,
ORD_923a61fe62a4,抖音_20260605_b48735c2,DY_6194,SKU2057,抖音,3,228.728778,686.19,27.67,658.52,0,paid,2026-06-05T22:31:26.581351,
ORD_f64ee48225cc,抖音_20260605_b48735c2,DY_6194,SKU2687,抖音,2,179.961376,359.92,41.77,318.15,0,completed,2026-06-05T22:31:26.581111,
ORD_6236553c10c8,抖音_20260605_b48735c2,DY_6194,SKU3043,抖音,5,892.020216,4460.1,150.63,4309.47,0,paid,2026-06-05T22:31:26.580870,
ORD_a62a8dafd6ca,抖音_20260605_b48735c2,DY_6194,SKU6246,抖音,2,81.631748,163.26,18.28,144.98,0,completed,2026-06-05T22:31:26.580628,
ORD_34966048fe37,抖音_20260605_b48735c2,DY_6194,SKU5624,抖音,5,98.484095,492.42,24.38,468.04,0,pending,2026-06-05T22:31:26.580384,
ORD_14b9dbf85381,抖音_20260605_b48735c2,DY_6194,SKU4486,抖音,4,651.921705,2607.69,25.53,2582.16,0,shipped,2026-06-05T22:31:26.580112,
ORD_c3e682fb35f9,抖音_20260605_b48735c2,DY_6194,SKU3149,抖音,3,751.310837,2253.93,253.72,2000.21,0,shipped,2026-06-05T22:31:26.579850,
ORD_ea9a8d7c6356,抖音_20260605_b48735c2,DY_6194,SKU4323,抖音,3,373.004764,1119.01,95.35,1023.66,0,paid,2026-06-05T22:31:26.579592,
ORD_bd2793dcb2c3,抖音_20260605_b48735c2,DY_6194,SKU1978,抖音,3,835.609938,2506.83,11.27,2495.56,0,completed,2026-06-05T22:31:26.579319,
ORD_f38934513ab6,抖音_20260605_b48735c2,DY_6194,SKU8639,抖音,5,140.7297,703.65,22.11,681.54,0,shipped,2026-06-05T22:31:26.579029,
ORD_2caeb7f48d02,抖音_20260605_b48735c2,DY_6194,SKU9862,抖音,2,422.518414,845.04,22.48,822.56,0,shipped,2026-06-05T22:31:26.578730,
ORD_7a025859386d,抖音_20260605_b48735c2,DY_6194,SKU9323,抖音,2,372.861776,745.72,5.15,740.57,0,shipped,2026-06-05T22:31:26.578395,
ORD_0344df23c294,抖音_20260605_b48735c2,DY_6194,SKU6846,抖音,2,638.972201,1277.94,57.51,1220.43,0,completed,2026-06-05T22:31:26.577982,
ORD_5395b0506ec9,抖音_20260605_b48735c2,DY_6194,SKU2955,抖音,4,749.415422,2997.66,187.03,2810.63,0,paid,2026-06-05T22:31:26.577617,
ORD_0edacf33e707,抖音_20260605_b48735c2,DY_6194,SKU9645,抖音,2,73.164801,146.33,15.93,130.4,0,pending,2026-06-05T22:31:26.576745,
ORD_271e18884c14,抖音_20260605_b48735c2,DY_6194,SKU8014,抖音,1,896.915519,896.92,83.95,812.97,0,paid,2026-06-05T22:31:26.576144,
ORD_c92bcd1cd43d,抖音_20260605_b48735c2,DY_6194,SKU7020,抖音,5,882.82292,4414.11,94.67,4319.44,0,pending,2026-06-05T22:31:26.575756,
ORD_763ebdf7d9a0,抖音_20260605_b48735c2,DY_6194,SKU1601,抖音,1,756.503209,756.5,39.1,717.4,0,pending,2026-06-05T22:31:26.575489,
ORD_a51b545f8754,抖音_20260605_b48735c2,DY_6194,SKU4393,抖音,1,952.265362,952.27,93.88,858.39,0,shipped,2026-06-05T22:31:26.575211,
ORD_c6f6578c70af,抖音_20260605_b48735c2,DY_6194,SKU2546,抖音,2,282.444854,564.89,38.77,526.12,0,completed,2026-06-05T22:31:26.574867,
ORD_5a5c4ee5fef3,抖音_20260605_b48735c2,DY_6194,SKU6428,抖音,1,850.55735,850.56,64.88,785.68,0,pending,2026-06-05T22:31:26.574214,
ORD_df021f18f37d,抖音_20260605_b48735c2,DY_6194,SKU2874,抖音,2,924.316173,1848.63,240.62,1608.01,0,paid,2026-06-05T22:31:26.573550,
ORD_e38921c322d7,抖音_20260605_b48735c2,DY_6194,SKU3450,抖音,2,219.073269,438.15,23.23,414.92,0,paid,2026-06-05T22:31:26.573021,
ORD_41eb34fd4a37,抖音_20260605_b48735c2,DY_6194,SKU7218,抖音,5,521.381056,2606.91,229.09,2377.82,0,paid,2026-06-05T22:31:26.572763,
ORD_fd5c27667ad6,抖音_20260605_b48735c2,DY_6194,SKU3657,抖音,2,341.02203,682.04,53.29,628.75,0,completed,2026-06-05T22:31:26.572481,
ORD_d84d128e101c,抖音_20260605_b48735c2,DY_6194,SKU2016,抖音,4,841.558401,3366.23,266.57,3099.66,0,completed,2026-06-05T22:31:26.572177,
ORD_6e39feac0e88,抖音_20260605_b48735c2,DY_6194,SKU4420,抖音,2,122.649191,245.3,18.35,226.95,0,pending,2026-06-05T22:31:26.571849,
ORD_8314670a207d,抖音_20260605_b48735c2,DY_6194,SKU7247,抖音,3,323.977842,971.93,35.97,935.96,0,shipped,2026-06-05T22:31:26.571437,
ORD_3f3d5fa95643,抖音_20260605_b48735c2,DY_6194,SKU2363,抖音,3,687.938956,2063.82,228.24,1835.58,0,completed,2026-06-05T22:31:26.571064,
ORD_9259d10ceca9,抖音_20260605_b48735c2,DY_6194,SKU9100,抖音,1,896.119305,896.12,130.48,765.64,0,completed,2026-06-05T22:31:26.570814,
ORD_302d47b0a7ae,抖音_20260605_b48735c2,DY_6194,SKU2011,抖音,1,959.525814,959.53,89.45,870.08,0,completed,2026-06-05T22:31:26.570555,
ORD_afdca2e84f9d,抖音_20260605_b48735c2,DY_6194,SKU6581,抖音,2,714.71106,1429.42,175.53,1253.89,0,paid,2026-06-05T22:31:26.570300,
ORD_e6cb9716ba92,抖音_20260605_b48735c2,DY_6194,SKU8902,抖音,4,642.190298,2568.76,12.23,2556.53,0,shipped,2026-06-05T22:31:26.570052,
ORD_5d7f4896bc7c,抖音_20260605_b48735c2,DY_6194,SKU2016,抖音,5,472.951414,2364.76,242.8,2121.96,0,shipped,2026-06-05T22:31:26.569796,
ORD_20f00614c4ed,抖音_20260605_b48735c2,DY_6194,SKU8726,抖音,2,962.617442,1925.23,151.87,1773.36,0,completed,2026-06-05T22:31:26.569539,
ORD_9bdc54ec8c2b,抖音_20260605_b48735c2,DY_6194,SKU4418,抖音,3,467.481727,1402.45,6.3,1396.15,0,paid,2026-06-05T22:31:26.569272,
ORD_6ec476cf642a,抖音_20260605_b48735c2,DY_6194,SKU8260,抖音,2,406.937305,813.87,69.3,744.57,0,shipped,2026-06-05T22:31:26.569015,
ORD_aed54fb8575b,抖音_20260605_b48735c2,DY_6194,SKU4060,抖音,3,889.715176,2669.15,359.64,2309.51,0,pending,2026-06-05T22:31:26.568735,
ORD_0a8d8655c03d,抖音_20260605_b48735c2,DY_6194,SKU4139,抖音,4,665.361082,2661.44,198.08,2463.36,0,pending,2026-06-05T22:31:26.568447,
ORD_e2d7b24fc89c,抖音_20260605_b48735c2,DY_6194,SKU2355,抖音,5,886.667138,4433.34,656.66,3776.68,0,pending,2026-06-05T22:31:26.568168,
ORD_48fb8ac2e909,抖音_20260605_b48735c2,DY_6194,SKU1754,抖音,5,823.090948,4115.45,473.05,3642.4,0,paid,2026-06-05T22:31:26.567893,
ORD_a0ce7ff7fd08,抖音_20260605_b48735c2,DY_6194,SKU3777,抖音,1,996.546087,996.55,71.69,924.86,0,completed,2026-06-05T22:31:26.567604,
ORD_3b079bf43561,抖音_20260605_b48735c2,DY_6194,SKU6951,抖音,4,913.660281,3654.64,437.56,3217.08,0,completed,2026-06-05T22:31:26.567288,
ORD_34eca23186d6,抖音_20260605_b48735c2,DY_6194,SKU6541,抖音,3,615.655071,1846.97,38.17,1808.8,0,completed,2026-06-05T22:31:26.566993,
ORD_67af08af3445,抖音_20260605_b48735c2,DY_6194,SKU9833,抖音,3,286.755311,860.27,51.28,808.99,0,completed,2026-06-05T22:31:26.566650,
ORD_56d11f34f90e,抖音_20260605_56150c9b,DY_5792,SKU4608,抖音,2,272.072486,544.14,49.15,494.99,0,shipped,2026-06-05T22:31:26.555313,
ORD_9186fec32325,抖音_20260605_56150c9b,DY_5792,SKU6865,抖音,4,785.527396,3142.11,31.1,3111.01,0,shipped,2026-06-05T22:31:26.555062,
ORD_7f5ef2a51bc3,抖音_20260605_56150c9b,DY_5792,SKU7376,抖音,3,990.082831,2970.25,64.52,2905.73,0,pending,2026-06-05T22:31:26.554808,
ORD_bfe47ddd20b6,抖音_20260605_56150c9b,DY_5792,SKU5250,抖音,4,834.820963,3339.28,74.3,3264.98,0,completed,2026-06-05T22:31:26.554557,
ORD_9ee1382114ab,抖音_20260605_56150c9b,DY_5792,SKU5042,抖音,5,284.755704,1423.78,35.81,1387.97,0,pending,2026-06-05T22:31:26.554306,
ORD_95cde1da5e54,抖音_20260605_56150c9b,DY_5792,SKU9518,抖音,3,879.037041,2637.11,269.47,2367.64,0,completed,2026-06-05T22:31:26.554051,
ORD_9964124f941c,抖音_20260605_56150c9b,DY_5792,SKU5552,抖音,2,709.296317,1418.59,151.6,1266.99,0,paid,2026-06-05T22:31:26.553798,
ORD_b5a34509041e,抖音_20260605_56150c9b,DY_5792,SKU1923,抖音,2,106.894828,213.79,23.25,190.54,0,completed,2026-06-05T22:31:26.553538,
ORD_b72ef1c30e0d,抖音_20260605_56150c9b,DY_5792,SKU5932,抖音,1,562.09965,562.1,66.59,495.51,0,shipped,2026-06-05T22:31:26.553276,
ORD_ee8216e8ea04,抖音_20260605_56150c9b,DY_5792,SKU7544,抖音,5,554.825213,2774.13,372.01,2402.12,0,paid,2026-06-05T22:31:26.552995,
ORD_be5efcde361b,抖音_20260605_56150c9b,DY_5792,SKU3076,抖音,5,197.271956,986.36,3.68,982.68,0,completed,2026-06-05T22:31:26.552703,
ORD_ad42c0dd48b9,抖音_20260605_56150c9b,DY_5792,SKU3341,抖音,3,103.950972,311.85,19.3,292.55,0,completed,2026-06-05T22:31:26.552373,
ORD_2d87e2bca899,抖音_20260605_56150c9b,DY_5792,SKU5169,抖音,5,407.177078,2035.89,142.67,1893.22,0,completed,2026-06-05T22:31:26.551959,
ORD_fb23249da33b,抖音_20260605_56150c9b,DY_5792,SKU4017,抖音,2,408.285348,816.57,20.63,795.94,0,paid,2026-06-05T22:31:26.551630,
ORD_0d87475eb847,抖音_20260605_56150c9b,DY_5792,SKU4796,抖音,2,886.866313,1773.73,158.87,1614.86,0,paid,2026-06-05T22:31:26.551381,
ORD_b4f9a4e6b0c3,抖音_20260605_56150c9b,DY_5792,SKU5834,抖音,4,497.989277,1991.96,152.91,1839.05,0,pending,2026-06-05T22:31:26.551126,
ORD_365edb5a377f,抖音_20260605_56150c9b,DY_5792,SKU6743,抖音,5,802.963841,4014.82,267.37,3747.45,0,shipped,2026-06-05T22:31:26.550882,
ORD_b3fcfc57cffd,抖音_20260605_56150c9b,DY_5792,SKU2608,抖音,3,275.765666,827.3,60.08,767.22,0,pending,2026-06-05T22:31:26.550637,
ORD_0c877b4932bf,抖音_20260605_56150c9b,DY_5792,SKU7239,抖音,3,990.666964,2972,231.45,2740.55,0,completed,2026-06-05T22:31:26.550386,
ORD_5cb4f44f9757,抖音_20260605_56150c9b,DY_5792,SKU5413,抖音,1,49.496734,49.5,3.42,46.08,0,shipped,2026-06-05T22:31:26.550122,
ORD_f68ec9139776,抖音_20260605_56150c9b,DY_5792,SKU4141,抖音,1,385.351969,385.35,44.1,341.25,0,shipped,2026-06-05T22:31:26.549818,
ORD_e1a5e9d49ff1,抖音_20260605_56150c9b,DY_5792,SKU8383,抖音,2,459.247038,918.49,2.86,915.63,0,paid,2026-06-05T22:31:26.549436,
ORD_c7003444ae53,抖音_20260605_56150c9b,DY_5792,SKU5883,抖音,1,156.878509,156.88,22.33,134.55,0,pending,2026-06-05T22:31:26.548632,
ORD_a16e64e048f1,抖音_20260605_56150c9b,DY_5792,SKU9014,抖音,2,62.512274,125.02,14.25,110.77,0,paid,2026-06-05T22:31:26.548390,
ORD_393193b7372f,抖音_20260605_56150c9b,DY_5792,SKU1289,抖音,2,284.764559,569.53,50.08,519.45,0,completed,2026-06-05T22:31:26.548149,
ORD_3dd6883080f9,抖音_20260605_56150c9b,DY_5792,SKU1624,抖音,2,805.364804,1610.73,80.74,1529.99,0,paid,2026-06-05T22:31:26.547909,
ORD_614ae9495f33,抖音_20260605_56150c9b,DY_5792,SKU6272,抖音,2,169.365403,338.73,39.86,298.87,0,completed,2026-06-05T22:31:26.547660,
ORD_19d08bf8ac82,抖音_20260605_56150c9b,DY_5792,SKU4962,抖音,5,929.980694,4649.9,579.31,4070.59,0,pending,2026-06-05T22:31:26.547418,
ORD_0dfc2ddd1bc8,抖音_20260605_56150c9b,DY_5792,SKU3630,抖音,3,983.303989,2949.91,96.7,2853.21,0,completed,2026-06-05T22:31:26.547170,
ORD_f04d8d1825f2,抖音_20260605_56150c9b,DY_5792,SKU4962,抖音,3,686.284581,2058.85,288.5,1770.35,0,pending,2026-06-05T22:31:26.546931,
ORD_5ba3ebb1ed3c,抖音_20260605_56150c9b,DY_5792,SKU7913,抖音,4,705.663524,2822.65,6.01,2816.64,0,pending,2026-06-05T22:31:26.546686,
ORD_7da6dfd8f250,抖音_20260605_56150c9b,DY_5792,SKU6198,抖音,2,845.806815,1691.61,109.66,1581.95,0,completed,2026-06-05T22:31:26.546437,
ORD_853e89eb0e44,抖音_20260605_56150c9b,DY_5792,SKU5506,抖音,4,973.338948,3893.36,442.62,3450.74,0,pending,2026-06-05T22:31:26.546188,
ORD_8c5577f84b12,抖音_20260605_56150c9b,DY_5792,SKU6062,抖音,3,226.925342,680.78,100.93,579.85,0,paid,2026-06-05T22:31:26.545939,
ORD_8728a2b2f06b,抖音_20260605_56150c9b,DY_5792,SKU5897,抖音,2,668.175162,1336.35,38.8,1297.55,0,paid,2026-06-05T22:31:26.545686,
ORD_fb1ea954d8f6,抖音_20260605_56150c9b,DY_5792,SKU6619,抖音,4,476.853976,1907.42,104.63,1802.79,0,paid,2026-06-05T22:31:26.545418,
ORD_8599d61dd36a,抖音_20260605_56150c9b,DY_5792,SKU1010,抖音,2,997.230901,1994.46,194.61,1799.85,0,shipped,2026-06-05T22:31:26.545163,
ORD_6cadfdce7dd2,抖音_20260605_56150c9b,DY_5792,SKU6268,抖音,2,485.40685,970.81,77.37,893.44,0,completed,2026-06-05T22:31:26.544917,
ORD_dfa5771cb2cd,抖音_20260605_56150c9b,DY_5792,SKU6843,抖音,4,429.820377,1719.28,216,1503.28,0,shipped,2026-06-05T22:31:26.544670,
ORD_17a1a8b82a53,抖音_20260605_56150c9b,DY_5792,SKU7012,抖音,4,892.279878,3569.12,352.51,3216.61,0,paid,2026-06-05T22:31:26.544422,
ORD_c77294fe07a7,抖音_20260605_56150c9b,DY_5792,SKU6748,抖音,1,966.057747,966.06,94.22,871.84,0,shipped,2026-06-05T22:31:26.544170,
ORD_69ad34f039b7,抖音_20260605_56150c9b,DY_5792,SKU9391,抖音,5,516.242895,2581.21,289.21,2292,0,shipped,2026-06-05T22:31:26.543909,
ORD_81701b8656d3,抖音_20260605_56150c9b,DY_5792,SKU2019,抖音,4,659.285948,2637.14,135.66,2501.48,0,pending,2026-06-05T22:31:26.543653,
ORD_71be7c738cc8,抖音_20260605_56150c9b,DY_5792,SKU5889,抖音,3,366.249173,1098.75,138.62,960.13,0,pending,2026-06-05T22:31:26.543403,
ORD_6aec3a2877c4,抖音_20260605_56150c9b,DY_5792,SKU2091,抖音,1,66.503676,66.5,5.67,60.83,0,pending,2026-06-05T22:31:26.543151,
ORD_ba85e900f9f5,抖音_20260605_56150c9b,DY_5792,SKU6240,抖音,5,706.107479,3530.54,366.29,3164.25,0,completed,2026-06-05T22:31:26.542887,
ORD_770df9181c51,抖音_20260605_56150c9b,DY_5792,SKU3730,抖音,5,233.638172,1168.19,82.72,1085.47,0,shipped,2026-06-05T22:31:26.542638,
ORD_8a73ecb58056,抖音_20260605_56150c9b,DY_5792,SKU1556,抖音,1,723.457819,723.46,56.85,666.61,0,completed,2026-06-05T22:31:26.542388,
ORD_94e65742df97,抖音_20260605_56150c9b,DY_5792,SKU7423,抖音,2,263.667635,527.34,51.77,475.57,0,shipped,2026-06-05T22:31:26.542113,
ORD_58bedfad14c3,抖音_20260605_56150c9b,DY_5792,SKU1336,抖音,1,638.569464,638.57,46.62,591.95,0,completed,2026-06-05T22:31:26.541796,
ORD_61c7de277d6a,抖音_20260605_56150c9b,DY_5792,SKU5220,抖音,1,282.30552,282.31,13.24,269.07,0,shipped,2026-06-05T22:31:26.541295,
ORD_f359ca00cd96,抖音_20260605_56150c9b,DY_5792,SKU6455,抖音,3,184.565198,553.7,30.88,522.82,0,pending,2026-06-05T22:31:26.540536,
ORD_c8ae427fe46a,抖音_20260605_56150c9b,DY_5792,SKU6419,抖音,1,442.487224,442.49,42.3,400.19,0,pending,2026-06-05T22:31:26.540174,
ORD_397f07fa9f39,抖音_20260605_56150c9b,DY_5792,SKU7452,抖音,4,643.681081,2574.72,218.24,2356.48,0,shipped,2026-06-05T22:31:26.539912,
ORD_2709230c9fdc,抖音_20260605_56150c9b,DY_5792,SKU2716,抖音,3,686.723731,2060.17,90.65,1969.52,0,completed,2026-06-05T22:31:26.539648,
ORD_b74a771ee96d,抖音_20260605_56150c9b,DY_5792,SKU4100,抖音,4,191.656115,766.62,55.54,711.08,0,pending,2026-06-05T22:31:26.539386,
ORD_897f81d2e1f0,抖音_20260605_56150c9b,DY_5792,SKU5138,抖音,1,284.024996,284.02,10.64,273.38,0,completed,2026-06-05T22:31:26.539125,
ORD_a2505cde74e9,抖音_20260605_56150c9b,DY_5792,SKU2872,抖音,4,204.753373,819.01,95.82,723.19,0,completed,2026-06-05T22:31:26.538793,
ORD_35cf130e01fd,抖音_20260605_56150c9b,DY_5792,SKU8880,抖音,5,348.903949,1744.52,41.51,1703.01,0,completed,2026-06-05T22:31:26.538534,
ORD_9fbd981f6838,抖音_20260605_56150c9b,DY_5792,SKU5053,抖音,2,270.241731,540.48,53.42,487.06,0,completed,2026-06-05T22:31:26.538274,
ORD_f305b77593ec,抖音_20260605_56150c9b,DY_5792,SKU9424,抖音,3,492.807262,1478.42,131.23,1347.19,0,shipped,2026-06-05T22:31:26.538016,
ORD_f70734e80a55,抖音_20260605_56150c9b,DY_5792,SKU2422,抖音,3,502.594899,1507.78,16.34,1491.44,0,shipped,2026-06-05T22:31:26.537756,
ORD_14d27f402d74,抖音_20260605_56150c9b,DY_5792,SKU5994,抖音,5,248.714675,1243.57,30.64,1212.93,0,paid,2026-06-05T22:31:26.537484,
ORD_30e3ea1acc30,抖音_20260605_56150c9b,DY_5792,SKU5686,抖音,2,955.70869,1911.42,143.71,1767.71,0,completed,2026-06-05T22:31:26.537195,
ORD_a027db18e3ae,抖音_20260605_56150c9b,DY_5792,SKU3772,抖音,2,876.925934,1753.85,189.49,1564.36,0,shipped,2026-06-05T22:31:26.536784,
ORD_2652d389b6b2,抖音_20260605_56150c9b,DY_5792,SKU7663,抖音,2,122.914096,245.83,15.63,230.2,0,completed,2026-06-05T22:31:26.535950,
ORD_d3515a7ccce9,抖音_20260605_56150c9b,DY_5792,SKU8022,抖音,1,253.546643,253.55,35.05,218.5,0,paid,2026-06-05T22:31:26.534352,
ORD_c354178c522b,抖音_20260605_56150c9b,DY_5792,SKU3724,抖音,3,581.0994,1743.3,167.31,1575.99,0,shipped,2026-06-05T22:31:26.533599,
ORD_522f91a379ba,抖音_20260605_56150c9b,DY_5792,SKU1327,抖音,5,669.447243,3347.24,174.95,3172.29,0,paid,2026-06-05T22:31:26.532958,
ORD_5c82a28ecb4a,抖音_20260605_56150c9b,DY_5792,SKU3781,抖音,2,527.474998,1054.95,42.09,1012.86,0,completed,2026-06-05T22:31:26.532321,
ORD_4dbca6f26fb9,抖音_20260605_56150c9b,DY_5792,SKU1972,抖音,5,264.27682,1321.38,170.67,1150.71,0,paid,2026-06-05T22:31:26.531795,
ORD_17718db1fadb,抖音_20260605_56150c9b,DY_5792,SKU8886,抖音,2,200.283313,400.57,29.35,371.22,0,shipped,2026-06-05T22:31:26.531306,
ORD_88673d57891e,抖音_20260605_91575df5,DY_4647,SKU6744,抖音,4,720.14945,2880.6,342.31,2538.29,0,paid,2026-06-05T22:31:26.516954,
ORD_2fbfa4a6ba3b,抖音_20260605_91575df5,DY_4647,SKU2236,抖音,1,440.56875,440.57,56.77,383.8,0,shipped,2026-06-05T22:31:26.515901,
ORD_175923083d5a,抖音_20260605_91575df5,DY_4647,SKU2452,抖音,5,325.891057,1629.46,219.65,1409.81,0,shipped,2026-06-05T22:31:26.515232,
ORD_a52bf97b5b34,抖音_20260605_91575df5,DY_4647,SKU3253,抖音,2,969.871078,1939.74,217.07,1722.67,0,completed,2026-06-05T22:31:26.514974,
ORD_87ca7985d4af,抖音_20260605_91575df5,DY_4647,SKU5424,抖音,1,851.420819,851.42,58.8,792.62,0,pending,2026-06-05T22:31:26.514721,
ORD_b401b4205219,抖音_20260605_91575df5,DY_4647,SKU1205,抖音,1,317.562592,317.56,9.41,308.15,0,paid,2026-06-05T22:31:26.514465,
ORD_482e4e982fd0,抖音_20260605_91575df5,DY_4647,SKU6883,抖音,1,687.535641,687.54,82.88,604.66,0,pending,2026-06-05T22:31:26.514211,
ORD_83f1883c11b9,抖音_20260605_91575df5,DY_4647,SKU7922,抖音,5,365.704798,1828.52,237.91,1590.61,0,shipped,2026-06-05T22:31:26.513961,
ORD_0f070e0ece6d,抖音_20260605_91575df5,DY_4647,SKU7561,抖音,1,482.08477,482.08,18.91,463.17,0,shipped,2026-06-05T22:31:26.513701,
ORD_fc45a68e46d8,抖音_20260605_91575df5,DY_4647,SKU5966,抖音,4,355.599311,1422.4,147.96,1274.44,0,shipped,2026-06-05T22:31:26.513446,
ORD_6a08f46ea272,抖音_20260605_91575df5,DY_4647,SKU8594,抖音,1,392.111894,392.11,47.12,344.99,0,completed,2026-06-05T22:31:26.513201,
ORD_851f38b9f4a1,抖音_20260605_91575df5,DY_4647,SKU9165,抖音,5,889.310376,4446.55,336.47,4110.08,0,pending,2026-06-05T22:31:26.512949,
ORD_07a92aabdd27,抖音_20260605_91575df5,DY_4647,SKU7536,抖音,3,399.867883,1199.6,50,1149.6,0,paid,2026-06-05T22:31:26.512684,
ORD_d7aa06e30e70,抖音_20260605_91575df5,DY_4647,SKU6032,抖音,1,982.07469,982.07,17.26,964.81,0,shipped,2026-06-05T22:31:26.512426,
ORD_8aa39bfabed6,抖音_20260605_91575df5,DY_4647,SKU3548,抖音,1,310.441864,310.44,11.82,298.62,0,shipped,2026-06-05T22:31:26.512166,
ORD_201a1a3816bf,抖音_20260605_91575df5,DY_4647,SKU7521,抖音,4,780.395021,3121.58,395.4,2726.18,0,paid,2026-06-05T22:31:26.511910,
ORD_7211c49b3a91,抖音_20260605_91575df5,DY_4647,SKU7791,抖音,3,95.656523,286.97,17.57,269.4,0,shipped,2026-06-05T22:31:26.511656,
ORD_08847b8115b9,抖音_20260605_91575df5,DY_4647,SKU5899,抖音,2,998.814049,1997.63,167.03,1830.6,0,shipped,2026-06-05T22:31:26.511397,
ORD_4895bc62e25a,抖音_20260605_91575df5,DY_4647,SKU9362,抖音,2,345.228827,690.46,72.44,618.02,0,shipped,2026-06-05T22:31:26.511134,
ORD_6d51e4a3d414,抖音_20260605_91575df5,DY_4647,SKU6514,抖音,3,476.053081,1428.16,176.33,1251.83,0,pending,2026-06-05T22:31:26.510879,
ORD_61700d350ff6,抖音_20260605_91575df5,DY_4647,SKU1409,抖音,1,807.438596,807.44,0.9,806.54,0,completed,2026-06-05T22:31:26.510618,
ORD_48ce53c4844a,抖音_20260605_91575df5,DY_4647,SKU4713,抖音,1,247.479192,247.48,30.12,217.36,0,paid,2026-06-05T22:31:26.510357,
ORD_b1744c05d8c1,抖音_20260605_91575df5,DY_4647,SKU1669,抖音,2,134.686752,269.37,14.13,255.24,0,shipped,2026-06-05T22:31:26.510095,
ORD_0d6aa58bd4b1,抖音_20260605_91575df5,DY_4647,SKU5719,抖音,4,965.381223,3861.52,21.52,3840,0,completed,2026-06-05T22:31:26.509828,
ORD_95feca5cd9cb,抖音_20260605_91575df5,DY_4647,SKU6790,抖音,5,81.539067,407.7,44.85,362.85,0,paid,2026-06-05T22:31:26.509558,
ORD_a60d5e2c9a89,抖音_20260605_91575df5,DY_4647,SKU6684,抖音,1,914.689172,914.69,66.33,848.36,0,paid,2026-06-05T22:31:26.509272,
ORD_89eb723855fa,抖音_20260605_91575df5,DY_4647,SKU6490,抖音,3,546.023152,1638.07,218.74,1419.33,0,paid,2026-06-05T22:31:26.508938,
ORD_a5dfbe8a6524,抖音_20260605_91575df5,DY_4647,SKU2567,抖音,4,157.386288,629.55,76.86,552.69,0,pending,2026-06-05T22:31:26.508530,
ORD_7c5dd452847e,抖音_20260605_91575df5,DY_4647,SKU8013,抖音,3,33.083481,99.25,13.15,86.1,0,paid,2026-06-05T22:31:26.508076,
ORD_300a3da741be,抖音_20260605_91575df5,DY_4647,SKU2659,抖音,5,323.256221,1616.28,54.46,1561.82,0,completed,2026-06-05T22:31:26.506706,
ORD_faabe9a06ebd,抖音_20260605_91575df5,DY_4647,SKU5657,抖音,4,839.306496,3357.23,212.52,3144.71,0,shipped,2026-06-05T22:31:26.506276,
ORD_74b75da74cc2,抖音_20260605_91575df5,DY_4647,SKU5790,抖音,5,165.681397,828.41,21.93,806.48,0,paid,2026-06-05T22:31:26.506025,
ORD_d1a0e8496687,抖音_20260605_91575df5,DY_4647,SKU2999,抖音,4,604.583961,2418.34,274.99,2143.35,0,paid,2026-06-05T22:31:26.505773,
ORD_17b795095239,抖音_20260605_91575df5,DY_4647,SKU5320,抖音,3,761.526998,2284.58,258.36,2026.22,0,shipped,2026-06-05T22:31:26.505511,
ORD_7d4f440feb0e,抖音_20260605_91575df5,DY_4647,SKU8096,抖音,3,373.560998,1120.68,141.2,979.48,0,pending,2026-06-05T22:31:26.505250,
ORD_e51c08b372ba,抖音_20260605_91575df5,DY_4647,SKU1831,抖音,3,583.082664,1749.25,46.75,1702.5,0,pending,2026-06-05T22:31:26.504995,
ORD_83a11d97ea52,抖音_20260605_91575df5,DY_4647,SKU4511,抖音,5,409.47462,2047.37,80.72,1966.65,0,pending,2026-06-05T22:31:26.504743,
ORD_5857a2d34a3f,抖音_20260605_91575df5,DY_4647,SKU3048,抖音,3,150.034446,450.1,33.94,416.16,0,paid,2026-06-05T22:31:26.504489,
ORD_b5597734c754,抖音_20260605_91575df5,DY_4647,SKU5390,抖音,3,113.917408,341.75,50.54,291.21,0,paid,2026-06-05T22:31:26.504232,
ORD_a75a278131d3,抖音_20260605_91575df5,DY_4647,SKU1536,抖音,1,419.373155,419.37,28.86,390.51,0,paid,2026-06-05T22:31:26.503970,
ORD_6b1a0884534d,抖音_20260605_91575df5,DY_4647,SKU5019,抖音,5,587.81857,2939.09,255.68,2683.41,0,pending,2026-06-05T22:31:26.503710,
ORD_1b1641d4c775,抖音_20260605_91575df5,DY_4647,SKU7583,抖音,3,64.09259,192.28,8.02,184.26,0,completed,2026-06-05T22:31:26.503437,
ORD_b43b7205d9b9,抖音_20260605_91575df5,DY_4647,SKU7282,抖音,1,37.292622,37.29,3.25,34.04,0,completed,2026-06-05T22:31:26.503155,
ORD_6c7db63d9277,抖音_20260605_91575df5,DY_4647,SKU2669,抖音,4,475.835578,1903.34,126.64,1776.7,0,paid,2026-06-05T22:31:26.502828,
ORD_c9dd6158f7c6,抖音_20260605_91575df5,DY_4647,SKU4456,抖音,2,140.076469,280.15,26.88,253.27,0,pending,2026-06-05T22:31:26.502450,
ORD_9a47d0df4a84,抖音_20260605_91575df5,DY_4647,SKU7959,抖音,4,489.087197,1956.35,40.22,1916.13,0,completed,2026-06-05T22:31:26.501941,
ORD_4923115a2300,抖音_20260605_91575df5,DY_4647,SKU7270,抖音,3,667.82065,2003.46,88.49,1914.97,0,pending,2026-06-05T22:31:26.501568,
ORD_c5e67deece50,抖音_20260605_91575df5,DY_4647,SKU1020,抖音,4,730.275291,2921.1,139.4,2781.7,0,completed,2026-06-05T22:31:26.501007,
ORD_7399bbcab7d4,抖音_20260605_91575df5,DY_4647,SKU5324,抖音,1,572.239421,572.24,84.01,488.23,0,paid,2026-06-05T22:31:26.500318,
ORD_96a6a90be1ab,抖音_20260605_91575df5,DY_4647,SKU7899,抖音,3,833.40036,2500.2,154.08,2346.12,0,completed,2026-06-05T22:31:26.499740,
ORD_f7d378cc0e3c,抖音_20260605_91575df5,DY_4647,SKU5959,抖音,3,378.36368,1135.09,79.32,1055.77,0,paid,2026-06-05T22:31:26.498591,
ORD_ea5e5eb8d9af,抖音_20260605_91575df5,DY_4647,SKU4508,抖音,2,722.655437,1445.31,193.02,1252.29,0,shipped,2026-06-05T22:31:26.498229,
ORD_117ed4925e6f,抖音_20260605_91575df5,DY_4647,SKU4480,抖音,3,909.586771,2728.76,221.04,2507.72,0,completed,2026-06-05T22:31:26.497921,
ORD_3df2e0644acf,抖音_20260605_91575df5,DY_4647,SKU9481,抖音,3,595.522666,1786.57,52.67,1733.9,0,paid,2026-06-05T22:31:26.497583,
ORD_5a0ad35ad0f4,抖音_20260605_91575df5,DY_4647,SKU2380,抖音,3,253.881282,761.64,110.6,651.04,0,completed,2026-06-05T22:31:26.497170,
ORD_ad7515ef6676,抖音_20260605_91575df5,DY_4647,SKU6475,抖音,3,204.479386,613.44,77.39,536.05,0,shipped,2026-06-05T22:31:26.496530,
ORD_1b66f881bc7b,抖音_20260605_91575df5,DY_4647,SKU4332,抖音,1,796.852836,796.85,87.56,709.29,0,shipped,2026-06-05T22:31:26.494922,
ORD_bbe8fcc28970,抖音_20260605_91575df5,DY_4647,SKU2230,抖音,3,784.415165,2353.25,130.4,2222.85,0,pending,2026-06-05T22:31:26.491177,
ORD_592658ece4b7,抖音_20260605_91575df5,DY_4647,SKU8660,抖音,4,988.88321,3955.53,523.46,3432.07,0,pending,2026-06-05T22:31:26.489557,
ORD_93fc38578961,抖音_20260605_91575df5,DY_4647,SKU2790,抖音,4,30.806957,123.23,8.53,114.7,0,paid,2026-06-05T22:31:26.489157,
ORD_a5340111b69b,抖音_20260605_91575df5,DY_4647,SKU4125,抖音,2,60.904652,121.81,1.46,120.35,0,paid,2026-06-05T22:31:26.488750,
ORD_3933517dd9dd,抖音_20260605_91575df5,DY_4647,SKU9151,抖音,1,402.677456,402.68,24.12,378.56,0,shipped,2026-06-05T22:31:26.488000,
ORD_da7e85adbdeb,抖音_20260605_91575df5,DY_4647,SKU9472,抖音,1,39.942151,39.94,3.14,36.8,0,shipped,2026-06-05T22:31:26.487225,
ORD_2c17f5b5223e,抖音_20260605_91575df5,DY_4647,SKU5337,抖音,3,877.364996,2632.09,111.35,2520.74,0,pending,2026-06-05T22:31:26.486564,
ORD_d57dee4e19a5,抖音_20260605_91575df5,DY_4647,SKU8621,抖音,4,633.503054,2534.01,366.48,2167.53,0,shipped,2026-06-05T22:31:26.486274,
ORD_f8b4ef66522d,抖音_20260605_91575df5,DY_4647,SKU1759,抖音,5,490.451416,2452.26,210.03,2242.23,0,shipped,2026-06-05T22:31:26.485951,
ORD_158cbf8417d8,抖音_20260605_91575df5,DY_4647,SKU3458,抖音,5,526.768428,2633.84,83.42,2550.42,0,completed,2026-06-05T22:31:26.485639,
ORD_d4885b23cc01,抖音_20260605_91575df5,DY_4647,SKU9238,抖音,2,662.032111,1324.06,69.69,1254.37,0,completed,2026-06-05T22:31:26.485295,
ORD_06ae4c1b2adc,抖音_20260605_91575df5,DY_4647,SKU8268,抖音,2,618.594621,1237.19,35.44,1201.75,0,paid,2026-06-05T22:31:26.484864,
ORD_fe279e6ea019,抖音_20260605_91575df5,DY_4647,SKU4822,抖音,1,960.307521,960.31,84.57,875.74,0,paid,2026-06-05T22:31:26.484157,
ORD_add063da9b2e,抖音_20260605_91575df5,DY_4647,SKU2947,抖音,2,66.11649,132.23,4.43,127.8,0,pending,2026-06-05T22:31:26.483298,
ORD_644fb1b00e58,抖音_20260605_91575df5,DY_4647,SKU3799,抖音,3,790.830021,2372.49,171.7,2200.79,0,completed,2026-06-05T22:31:26.481725,
ORD_a1c7e4f9aa89,抖音_20260605_91575df5,DY_4647,SKU9046,抖音,4,124.54801,498.19,1.51,496.68,0,paid,2026-06-05T22:31:26.481237,
ORD_3ab3b4a44fe8,抖音_20260605_91575df5,DY_4647,SKU3573,抖音,5,692.974914,3464.87,473.82,2991.05,0,pending,2026-06-05T22:31:26.480821,
ORD_ee578c087b03,抖音_20260605_91575df5,DY_4647,SKU9330,抖音,5,618.427984,3092.14,457.1,2635.04,0,shipped,2026-06-05T22:31:26.480185,
